username,user id,access hash,name,group,group id
ongtroicodon
organicfish446
OffcialYuKi
Gratok
Fillodez
nguyen13570
Nghiabui9999
nguoigiauten
Ngoccute_17
linhnhibabi
Ngoc_Doli_2k2
Anhhhhhhhhhhhhhhh
Ngoc_DoLi_2002
Nguyentamcdkg
Meiioshow
dungnguyen2001
HungNggg
NBFFhsj
nhixinhxx
jabwjcb
Noonnono
chimcobi
nitgamerz
Binh2310
Caocuong87
marina4021
nungquadi0
chaun1301
Trungaa1
Meo1408
Minhcmc
Minh291
longminh1
Mark_matthew02
mtdi5555
maxxx113
Tdbdhl2
mjdamlove
channhol
den8599
TuanKiet2005
thanhhm
moddymoddy
mymy_03
JachMa1717
meshhhhhackhhh78
morizyu97
meowweed
Duy123_duy321
mnatp1205
culuao
kemuavui
billstone779
mkjnhbb
Duymarketing
Its_alway_me
Lonhh2
lshahsd
hannydamm
Lam_Hao
LongDemi
bossne
Lan_kurumi
Laodai80
ThanhLe_1
Leoohhaa
LookingforSmtInterestin
cuongskdv
thulethanh
lehai51
helu102
K09ja
TrungNguyen79
lewd_teacher
Lananh2408
bichhati
aaaaabsn
AnhTrong25
KingOfAMA0608
Kay111998
kenkaneki2002
kuroeasy
kalamzubo
brahma_kali
tykhim
kimduc24
duynhan1019
KellogsCereal
kedokint
Kieulinhkute98
kimtheang168
KayKay2198
khongmuon
neaneett
japan_boy_3x
Josh_Derb
Joker00768
jenny696
dattooc
jonjonjon1028
Jamelizzz
Liem181089
phucgia93
Jjhuuui
huy009
Miumiu2k4
jozaihay
Joker88vnhp
Me7o15
Jwiiiiii
jockmmo
jakevu12
jackphamvnn
jsrey00
JWInterpol
Lilycute01
jzbsjjjjjj
jinny1999
BakulGedang
jenniferpham
Jordan570506
JonnnyBui
jasckkmn
jihan0851
Twinkos
hacker_it9999
m_inhieu
Itsseeeetoo132
AxgazIV
iamafarmer
VnSting
bestyasu
inhnguyen1
iphone12345678
iamgod1112
Hannanie1910
ntcapu
A1928348
pikachu112111
ihoang
ipn3t
Iamkhanhdam
NSVCTRAIL
Trai_ngheo87
duyidolquan4
TheKingAdminGroup
miutran
italia_nguyen
nhihoanghau
bluegorilla250
ikuiku90
itqhtran2
Idol_show_cal
ilovejay
Iocnx96
Dckery95
iphone777777
Ijannnyess
iamkuri
show_ib
dan_i_am
iikklloo
benhiidolshow
everything_is_yesterday_90
fg22346
iamnigger
Yennhiidoll
imhighlands
inkyuong09
Kimtrinh28
isNosay
idoldaucatmoi
IsabelleCarolina1378
iindex1
hoanghaino
Tdbdhl5
ttqt99
baongoc1
Chubby2k4sg
cg6879
goodbabyn01
trangiaba
Gianhi
Guechhuy
end_gam
gxh95277
kjukju1
gracktagdey
Glasses_Eskar
phonggiang97
goldpow
gialinh2k4
love_gai
Giangnt1
Florentino_64
FLVietanh2003
damcongtu3some
fl0o0py
Fazai6638
sjsjsjwhb
Vytvvvv
Ffire998
ssweetiegirl06
flyhu
missmy123
The_Frontman27
muoi7
ahuynhfphuocthoj
Ads_fb
FPS2004
ficky0705
Famyli1411
four10dotexe
floatop
faisal22449
Lionelmessi997
fiz0009
fun2yme0
fireeeeeeeeeee
FoF_boy
focus113
JinJongJu
AudryFortier
toanphao
thanhbop91
SeaFwb
Finder89
namvippro
Finthem7
Lucifer_Siren
baeblerk
bachtuyetqw
goldenkoala582
Fhejejajd
EsmeraldaTheFox
cochunho_em
Alonepaerlz92
nagacl
dongenter
Shikra7
nonameyeahhu
annabell017
evantran
Hentaiz_18
Titaa223
expower01
elmurcielagos
EZ24DLK11305
Huutung97
Khang133
ethusdt5
Branden_Easton_1998
EcavatorforRent
EthanCarney
chaneric18
EveMonnn
entenario
Gauxinh
edward1004
biubiubiubiu123
huihui87702
dat1997
BoyHaiphong99
Daotien_1
Dashu6666
Chizabi
dumemi
daudau0205
Duy39
Danhle10
Doinang
Doremondomi25
drceraDental
adiey1819
Congnguyen033495
CskhBocFan
CONCUCHABA
Thanhhsangg
taobiphonvuabip789bet
CptBoom3ra4ng
baby_cute2000
ChiBao123
BTPT1
Nguyenkhaihoan
BOT369
bibo19t
bluepanda05
TranGiaAn
binbinbinbinbinbinbin
alone_biss
bonghii96
nganbaby69
TuanAn2011
tuantuu
TuanAnhLiberty2109
angryrabbit224
baoan1809
acenguyen1997
abc112223
Zewzew123
Kunziie
Zingiee
zxcphx
zxcgtb
telecruish
zambeivn
minhdieu
Mimiii8
Nnoonnaammeemm
bezic2002
quankhoaito
youbet855
huutra98
Zalo0997277661
Vttu9
z_a_my
zaylynn
Zomem
nhan0000
Zorodon1
YalloNguyen
hihidongocc
zzzzdssa
Duy9876
AZTNT0
nguyenbanhz
Zangkkk
UnicornZayn
Kkkzzzzimmm
zukaf1
Khun_Zha
zelliany
zbn09
FriendzoneNow
ZINZIN321
tmt2310
Zackmarker
Zippo0505
Youkitdao97
zero00
Baobao0099
ZoroVu
xxnbc
RedRosesAreRed
zPoFz
ZHENG2
zenmm1
ZanTrunnn9
zzzzzzzvj
Stoner255083
boyhihi
Yonptrai
Kun_yoy
YunFat
goddboyz
hhhhhhcccc44
YenMaiTranHong805
BanMinYi09
tinatrinh
Khungbet
yungdaggerdxxk
pinkanu
Yennhiii
Youuuhero
yeuhoahong
NungLon
yenthanh12
yesway123
youokme
Keithyang
hoangyensex
Fuch_y0u
YuudoubleY
Yurakcha99
Mupbabyyyyy
anhmuoi
khanhzero06
concunung
potatooo12345
CloverToTheMoon
HND0925
THNHXOC
XXEESSYY
xuandongx
xukaman987
Xzcxyxz
dattr1111
phucdz268
sanlinkK6789
xxx13971397
Nhat113
NguyHiemm
luongxhiep
xeco8888
lnmtxd
Xewkaha
mytomxao205
Xinhgapo
bongthanh
xxhinguyenx
IIllllIlllIIIIIlllIllIllllllIlII
locloc11
xiketh
D_M4ng
Xauxi12
weizhuang_8
justlegend93
wuwhbsjw1
VTauBadBoy
Wai1987mmo
chichkora
arturoalf15
windrock
Hoang_WinDD
Sevensins_warlord2
spell229
LeeWolfy
will0594
win32wrm
Virgowing
Quangaaaa
tqtrung
wulong16
WarQz
woluzi_453
WhyNot8888
Wuyen
Huuhungnguyenn
WhatDoesTheFoxSayy
williams27110
hcmk541
Wqjsn13Bh
wockidd
sangnehihihi
tranvominhduy
wind956
NAKROTHW
hieuut
abcxyzeee
Badboyfucku
Wush182
MarterYi
WNDWS_9
hhjiddik
Haksha1
wensonc
Winston1122
wavyu
Disphatris
timchigaichatdam
do_van_binh
Bietyeu86
Valardohaeris810
vfhjrkd
vodoilol
Vvtcvv
Cauca8386
kkkkk559
vinavinavina1
vietyen13
VanThuRD
Vudn8
Vanhai2305
Truongvanlau
Viet_Linh
DrTuanVu
Thaivuthaivu
callxzz
damdang696969
tuanuwin
unassuming_chicken_58
nhpd123
sosmehfk
UncleNam
Karimov_officiaI
Unavailable110
Utman20
Ugay6
unesone
Utkoy12
thinhnho
tuan_hoang1408
User404Er
uyennhi2k
MenDodxx
Udfiggjkk
uusususus
Bienmb
cauut93
khanhtrann
uichaaa
Vgggvvc
tam_bat_tu_88
Usemoi112
uhmthimaygioi
Emaxx92
Kiucbuon
afojqwsagsweqtgdfbrtyhgnfadfgerw
Bruhburhlmao
xdrakxx
vlxx7
unie31403876
unlimit216
utdamdang
senpai102
Unkownmans
Atngh
uniunoo
ulalamamamia
Unknow2403
Tung0708
datuy1192
uaaub
Binh1998
hoangphucdth
Lee_nhung
cubin20031995
Doivamong
kailuz_102
uuuuuuhhhhjjj
timemdamxxx
tuan2408
Taisuup
trg133
kelvin_toan
ThanhDuy16
Anhtrinh2101
hoangtienidol
buidinhhuy1993
Tongvin98bg
tomozousakura
Thietthu
tanvan1995
tuaneng
hardytruong
Alistex
Anhemta23
tuyen2402
Lessss1111
Thang_manh
TripleK_69
lethaoxnxx1
Thienlong0974
Showcallmocbuom
hiken0101
Thanhtien33
Thu94sieuquayabc
ntt2510
Sway269
Hestershhaw
skagre
consaunon
khong_so_cho
Shinshinbh
hoasociu
can_nguoi_de_chia_se
armes2102
SiSiTm
somenhe
sonnyy17
Khanhso
sminmin_t
sangmie
ShynnnOfficial
sogeking2811
samoyedcrypto
desu0i2
thanhtoanvn95
Smith5868
Sdt0921757197zalo
Chest_New
sinnio
selectajojo
PhuonggShow
son19989
Hieu_Hao_Sua99
raphael080
Ryan130814
superronaldo7
RyoMusicV2
bero_nng
redmouse153
sadcat433
tinymouse548
SloancapilloCesar
redtiger758
Robert_Nguyen1
racalss
ryan4325
rehmj
mrasgs
lethiruan
RaYuthx
RyanTruong
Riku_apple
hihijoh
Ronob3109
kiendayne
rain307
Tam225
RobotNight
renle2703
khanhremy1810
RenzSSTER
rodfot
DragonGold999
Chanvl69
tim_fwb
Rip_072
p40866
Rithy57
AlenacNyla
RamboEndgame
raize_gm
RaPov16
quockhanhln1989
Quansao
quochao9999
hungthuan140
Tuquyet96
DiiQuang
QuangNguyen14
done1404
PhuQui1997
bennynguyen1998
Quoccuong9896
Quoc_KL
tictokvlogs
QirenW
Quangdz1812
sinhvienbla
Quy2012
Quangpu
Bosonhai1997
Quynhtrang21
quyennnnnn
suu_quoc1656
vuongquyennguyen
Duong_Quoc_Bao
Caccloo
meowmeowcuteee
BePhuongg
Daophant
Phublack
ptphamm
peternpk
ptt03
Pham_Van_Nguyen
phong1lit
b0yhp
PMTCOCA
bluemorris
thepie999
pin1996
pqpqqpqppqpq
pham_cam
VozTan
overbunz
LFHardfckrDac
overner89
Onichan111
tuannhvpvn
stork2312
Muoitieuhot
ocdatt
Hanoilestgo
oNutella
Vunam99
STrader72
kyo_ori
quangke
haidoanqtvn
Onggia10xvuive
Ollll8
nothing_as_on
nhuquynh1997s
lolol6999
clgtv
bay_otp
ookluonnp09
truymtruym
oneplusads
Dumahuhu
NoName5969
Giapga181099
nhay_1999
NamNua89
Namttn
HoangNgo2
Nujab
Hung_1009
HuongMMO
thu_huyen98
Mew1mat
Trung_mili
bao_mm8
Mai2873o7
minhtuaans
nahminus
Nam245
minhminh200608
Bodang651
Mghuc
mtan3499
Kavinnash
lady_kill99
hoangtudamdang
Dangminhquan
hominhdat
minhhoang090
aaajan
Manhdzvcl
MonChip_2
Longluuu
leducthao19
thich_be_hot_lu
Heyhomie420
longdzbodoi
LeNhat35
phattai1991
hhhlmao
Trll1235
lava_cak
HjhjThor
lion09969
Nhinhgf
Danhdanh6
LaVuNguyen
hippi510
Buomkhit
Kohi6190
linhmeoo
Boboyboi
kkanh1
ThienKimTA
Lananhh8
buikiensunshine
tvn1812
kheiiz
kien_ct
Karltran
Alokosovo
miuloduoc
Kimanh01
Khac_Tuan
KhanhKenJi
Bo_lot
khoanguyen0918
trungkien2412
TanKhoaNguyen
gkhanh05
anbshjens
Khoaimoon
acccdi
Jaychow11
jingho2020
Jayce97
Jfort14
benjarn
Jolo1011
Jekoyyum
Jshdbxbx
jonhn17
bobby_PJ
JustC6979
jonbedzvcl
tomramos2020
JackNTP
LucLang
Biierr
trinhanto
Chosde
Jasondylaa
jpsdoctor
BeBanHoa
Jack25012005
charlesjs
JigenSonOfTheDevil
jonynguyen13
Kkkjj1
heinhtetaungofficial
joker00
billy152
Judgezaza
JanganBabal
hihihihi1233
novemb3r91
Minhaoo
materyi111
jojo9999221
James_08
Idolgioitre
Jkahjahakha
Badboyitme
Hid4nn
iomrkhoai99
Isdam1
imbabiigirl
imgoodboi_22
Iwin238
ignite97
Doanvietanh
Ngaymua
Pinger112
illuxtrap
its_me_h
Ikernhien
i_am_retarded
itsjann96
IamEF227
Kjslo
mua_album_ib_em
godofimmortalitI
lmq1990
i1105
iampckay
Ilyxyz
iamjamespang
Imanhanb
IdolLMD
viethoang_ryan
Idpow
Ilisau
isntkk
Imzeus2k
istyes
Is_Seng
Dung291396
ifuk92
Taokhongbiethi
Vip_IQ_option
Itgh23
t1stisme
imyourdark0
phuonganh2002
hpppop
KevinThanh
ingots
trantuan2020
Ironmantr
IVNlkhoa
Jitel_I
infkuinka
IvanCuto
hthan3
hendersonlk
hiepnhocz
HaORu21
tchc_hung
hir0x86
kinggil09
cogiaothao96
Clearmap
bogia99999
haisongo799
gold99999910
ShidGarcia26
GauKami
Gianhi98
alexkkkkaa
ducbanhtv
Giahoanh
garylaine47
VIPlanung
Vjct0rys
Badboy150204
call69x
GnutHnam
grilbeau
Moimoias
Sodacoga
Giodong1209
lanhuong2524
dungvip
fitgodannii
hamek98
fbfvxs
Fdsscdbg
Liwaq
sontran2812
tyronemike
FB_3694984799
lan_Anh1999
FuckBoy0709
AlexJodep
Caidindit
thuannguyen6768
Sunshine231061
Francis0601
Kingbina
TheFirst112
fdawz
Nttngoldn
fuckboy4
Firststtt
Mmmmme333
fzzhvvv
FK2586
Boyzz2
Fuck9099
FhoneMyat
thanhu2233
Cccvvvv09
ForcusDragonFire
DamTac09
Ngocsuuu
fajar123467
fullhd98
michelblack
Fuckboy333333
Finance149
Sxscc1
Hieu6836
Filteau2004
FreddieRizal
Linhluadoi
EstelleSandra960
MrMariachi
Thuyem
Eclectasy
Emoiu
edga_2k
Econan666
LaoDai74
NyEstadiosantiagobenabue
Emxinloichiuyen
EpiMas
Ehhwj9
emxjnhqua
luongemvt
EmNhoA
atjsb
erenti
LionelKdey
emthichladuoc
Duy_em
Embebong020291
Emtennhi
Ebisu9x
evsby1038
Egguseless
enxufat83
EwarD96
neiltea
afunjkii
Minion90
TruqEx
duckien96
Don5616
ciu17cm
Trollmanli
Ashgraydavidson
DavidChim
Trungtran9
tuandat420
linh_dao
DucTrongLamDong
DiNgoNgang2000
Dogialinh
darkknightshadow
dan_play
DoHieu
phongdau122
daucogi
Aziq567
Dung12081999
chimtoto1
ngochai051090
BLVCaoThinh
Chutuan14
ConOngNho
chienbn8989
hdhshxjc
Phongcot37
cuongjoyce
Chethithuthuy
concackhonglong
conaulive
name9
Linhchi2k2x
pencilkid
Chatxxxuytin
lecuong1996
BlueMoon311
Bedepp
TB9009
bao_1713
Talbtc
Binhhuynh2210
nguyennguyennhunguyet123
tuntiton
backbk
ajam1201
anhhoang37
thuyan199
anhtinhsz
atijfrjd
azreal69
aesir2807
AnhTroi92
Nguyennguyen77
aznafia
Anhlao
anonykick
AiHieuDcToi
lephuonganh1998
HieuVu372
Lucas482170
tuananhgacyte
Cavallliii
Ztatm
Zerostinger
cufeng
Zhanh1020
NGKiet1404
Zimbei
zbddxxw123
ZaiThanhNam
Vinhtu1
Zhao_Long
Zieee333
zemadr
Zxfsa1
ZYD16319
zenaloha1
Zalo0972965824
Zeingiyen
ziggy8one
dangzym2k2
dinozxc
Zanpapu
Zajdep
tiendung1102vt
badboyA2607
Zara2013529
Zkinh
SamiOoi
ZeroBlack0345
Zhong77
zhaozixu
QN2312
Zhirory
zafriza93
HuyHee
zpices
zuydw5
Zhongli122k3
Ziang2569
Zbbsb
NgHaVuThach
zenzen0102
zodiac0560
A_zzA_Zaz
KongzinII
zez668
bodeosoai1
king7loveHP
Anhquy123
Yuzukishiroko
Blackypz
SD210694
hahaythat
biosmin
aloooooo3
yangqing2103
NobodyO1
YupingTr
Ssoosl
Apple_Yo
hiro7402
Yoobinn
Teungooo
yuh76
yuikomatsui
yanlee1808
jinyape92
sangyansg
yennhi0203
Yenban
locsoma
Yeulaitudau99
Take_me_to_your_heart
Yukjsoma
Tonnguye
Yarr80
billbarber
Yeuem_1505
Yuuki009
xxxhhoang161101
Xxxbigntk
phongxu
truongngoctu197
xacutara_cutataxoa
Kakaka86
xiu_73078
Qsndk
Tam7777bh
xuanduy96
Xinloc1k
Xuongronglx
Xeomrich
foreverKush
xraidam
xthan1
September099
Xtu2305
Lxtdeep
hieubhbhj
Nguyen0205
leduc11
boyngheomc99
phuoc1311
xbtxy
the_fuji
xuxiro
MHGGruop
Cutodai20cm
xxnakxx93
tungvt318
tnt1100t
Warfdat69
johnnguyen123
way_clone
Jonhls
Wendelin28
TungNguyen30
watupdang
Winanh96
mylewdlistor
Warcraft1977
Wwwwww21eea
wingtakis
CH6707
Wiliwonkaz
dannywang991
DmVoDP
WildHorseVN
wander1102
wowboy93
hiimryan
gaubacuc56
sin_worl
Johnny0108
wtffffks
wtfkute
WillPhan
Wolverine2994
weeyan68
ssspww
WONJOONKANG
MAHALOs
winial
ChrisL19
schneizeI
Ngoanhtuan
WickDT
whereisyuenfun
Wol89
Wenjiexu1
NeverAndnerver
Wtfbaha
toosimiple
Hoangson6879
JvanWu7125
winalways1
L0lislayer
wndddds
wind7988
alphawolfkhangphan
liuminhliu
Anhnguyen056
TuDoiMMO0271
Valkx
tien113
tomy2266
Vdtanh1234
vanshuse
LinhLe128
Mayyy955
laimaybaybagia
HoangAlone202
nguyenvanluong9998
boy15678
To_Viuu95
Devil111222333
Toanvan11
vgx134
Hshsbbd
vera28112
ducchinh300494
van_ang
thienvyy
docovuminhvuong
usernotfound1234
u280891
Teoem195
Hagfuaou
Quan0309
Qerrrrww
labelusps
UnknowsUser
Uiuuuy
my_uniao
vuvannam2003
tintin9999
UserZer
Luonluonuomo
uuuuuuu77771
Unknown0610
mu2102
Bossscamp
iilllusi0n
dotoro
SherLockMichael
uchindz26
Uyytrreww
bacson123
Unstoppablevn
Binbin1928
Jshshwjkq
nguyue
username_unknown_no_data
hoatinhdoi
uyenph
ultracucai
pthao1912
tattoohn17
LTM23
longtino
nam_tran20
anhbanh111
Nguyenanh6812
CamTienTm
mocmacao
hyythanh
Cuvotudi
lunggggg
Huonggxx
adddmin78
huylil204
nguyen_sinh934
kup4L
Summer_Dst
ngoc_son1
sumitkr9946957
SONG0724
sevilla_98
Minsu3
sunguyen2ooo
tonngoc
ssongg4
Lestore1102
sea_hoanghai
sn_dmi
saubaytamchin
SieuTuong1997
showroom9x
sondz34
soscaster
soicodoc1990
songdep95
sonnh95
Canguacon
cong_ton_sach
Nhatminh
Sannguyenthanh
Ricnguyen
gangbarnoun
Ryn0505
thobanco420
RaymondEmp1
RioLc
tylerboiii
HTVTB
alexbozz
Nguyen12366
Risky_1234
Rose2s3
RoverNH
reannaoe003
khanh_Sport
khanhss_1602
tientien96
ruemtungngonxuannong
Justforfunnyha
Akai0410
retrovolve
kidrainzboy
rachgiaKG
RebuiltOfABrokenMan
RiewFF
rowan_sjj
Daodumuonnoi
nguyenvutruongduy
hungtran1102
jztrhuhu
real_luv
Play_delivery
tungreviews
ducnguyen582
AUUUDDAA
Ray10182
R_SaRoo
quyennguyen2512
hoangquan39
BoobieQueen
NgQuai
Cuzzzan
AC_Quang
tuan097
thinh196
Annyasyu
please_sayno
quocanh152
dontknowbettername
Thuandk97
quangbim
lucku94
qrfxshb
DelbertBarton9891
MAnhdangiu1202
nhaquang
Lahongquan90
thchlmtinh
QuangTungVu
quocdai2011
Quangnt2
quanghiep2811
Phannam20
Phong2k3
NguyenPhong0844777762
Phongnnn
hsusjwvwn
phamthanhdat
dotutai96tn
Marian199114
pan1403
PNTan
phuonf
hckkp
kebathao
Phobb
Phan996
phuoctru
phamminhky
phison59
khanhs11
thinhtu
ngothienphu
phamg7800
Phongha201199
Hduwbb
Aphu8877
dhpnguyen
Phuong2006
phuhoang2311
Private988
namgiang123
OrngLeangeng
CuDen_olo
Owen090
olD8Glo
Jbhkc
ohmyngoc99
octieusty
Fourbiensdhiajsx
ohsssj
No_one2718
onemoren1ght
kainguyen1990
chillwithmeat420
Dmr151
dukprovjp
devilhellboy11
Kiemtienonlinex2
saybaess
Khoaivailin
NhatcuteOB
OoOHUY
Kukodo1
haituofficial
Ohmychuoi2000
Oraclelich
gggggihhdhib
Oldzues
babeboi111
dathuynh97
nguyendinhdat2432
hung2607
hulaj
ngocanh010194
NGngank
NguyenHoang191
nguyentran2021
Hungnguyen199816
mahnlivemall
PCTTS
neil_miyong
Minhhoang2001
LonaNguyen1402
liottic8d
MinhTaigr
Manonwall
levisaviano
marcushoang
Mundo199
Mimi24h
maybach99999
handbeiseiw
Alehep
BrossMouy
ldntt
Hi245hi
Lebach09
ludoo205
dpunisher20
luongduytan12
Levanhau
HimatoLee
Tuankhang443
kimchi_0564966336
Kdkododolixidi
Chip_Hoi
kimochill
kenny_Tran99
HuyHoang90
CSKH_THABET
K_19_L_98
dgvnrcnhfb
daxanh95
khuong111097
kKaisdkaoah
Aomaca
anniebabe420
kienkute
kemle1995
Khonggimaimai
kubiaa
Abcxyzjshha
alibana12
Kito0211
Antheasdasa
dkvdth
kaizlove
blackgoose512
JonastransLucca
JaysonpentaMuhammad
crazyrabbit810
Hleukpa
jaydong2
Jokerjoker2903
jesusrojas23
Johnney_hoang
jiipitd
justddat
StefanIsaiah710
joy111333
junhaaa
JoOreos
pemainlegit
allenuc
ngochung1995
MinhJavi
Jonathan0401
Jack52189
James0007x
jackybruh
NguyenKien9596
JoshuaB777
jvnweilim
Justinnnnnnnnnnnnnnnn
Jjxxfg
Quanquan07
Bongthom69
iammelck
Isgaocarry
iceecoold
ivnsito
HinhIchvuongtu
Ischooltobusbygo
thanh3245
hmmmmsex124
itman789
Im22cm
Iamtkim
Hyupi_iz
itslaitran
icymax88
Iron2ll
Ionethehour
iam18
immanhv
itsdp01
thao_vietnamese
sieunhangraoin79
iceperge
Heloidol
iloveyou113
SexMy9
dinhbao282
iamfine03
Daniel_I11
ImjustHung
ivenoteve
TheBestLX9
itsdweezy
italiasecretG
dongtho123
iHeiii
itashco
iloveyeu123
duy6155
VoDienTD8690
ii55v0
IIII653I
M15_iG
IGOTOSCHOOLBYBUSSSSSSS
idontknowuar
Iloveansonlovweymuch
ienthach
i_am_newA
iamjustahumanbeing123
ichao61
infinite_war
The_Ironblood
imminhtien14
Green_Armour
appleresellers
Intensityhl
hai286
nsnd_hungdz
Naro_Hatake
hiuhiu201
Hicccxhiccc
MiGi1
gud_mood
TCBGHD
Vuonganhgiagia
gautranghappycow
Gautodung09
Lovingman008800
nohope4200
Gainhalanh1999x
bommcon
Giahuy090
vhn_2489
glockbank
angry_man1888
goldenbutterfly936
brownwolf310
greenbutterfly488
thangdinh6996
gaukull
GiaBa0
gia_bao1
Giiannis
Njvubgftxygvjibjuuuu
gooth188
Tunggiangfx
show_ga
gysulvtxxlurj
Nguyenhoang86
gagagaem
Hlkhgfrt
taobiman
versace369
FBTangQuyen
Fox2210
forfun334
Quanchilam
NNBOY68
MyBeastfriend
Thichtrutien
FelixMing
Vtyaa5
godfatherhcc
Hoanghpv
Finngg_Babit0y
Fr4nkie_H
fullname1234
Cangbycake
valentino2702
famhuy
bluuuuu3
Fakename1222
freehorsess
Fix_Apple
johnfrinking
VTTHANH
abcccz1
Sorry3456
Giulio60430613
fintech9x
hhbbv5085
Bigboi1509
oralcumshot11
Fkzdlg
Quangkmhd9x
Fat_Ant
Earkimsour
hieudk115
Ebisuu
elisa99999
laflameeeee_e
Tteokbokki69
Tranminh0822227733
Mr3ight
elvin0107
Qqqfrew
EdwardT1912
Cuocsongnhe
Edgewood
Nguyet2kvevip
bobbyelvis
Empty106
Ezluden
xand00
EizanUzumaki
Phuongem09
Eh4667
jhan56
ahung2232
Dam6996
Thienlon
xxx3188
Earrnha
easyBossT89
LHPhuc
ForestGarden91
empty_minddddd
EmTraiQuocDan
emgaixxxx
eded369
ELNOS
elizabeth_mtp
Eric282
ducbeu2555
du090521
dohanya
LukHwang
Dinhthi453
Dimahug
doctordamdang
Da420d
denxi44
ditimban999
Death164
thanhhau293
chefdaus
Caoanh1003
c3dtq
Chinh18
binhnguyen1995
Heo_cute_BBQ
con1tils_01
nicolascage999
Nhiiiiiu
chjedvj
cavesoul
congncif
binthelittelkind
abcxyz13
HungKun
hoang_Duong
Boynotgirl
binhphuoi
projectbluebird
Bidungx
BaoLaAi
heo2002
Bidohassan
HGMBOX
bach36
Bouulzzang19
touwwlll9
baoanhproo
abcdggf
HoangAnh131
alo12349
anhheo0_0
namtieutu
Ahseth98
linkdaynee
tung0009
no_biojet
accadmin1111
Buny995
AhNge1997
anvu907
Anhchum
naz_arcy
Zangg09
ChTrnc1
Long7264
zenky188
Dbc555
Zilliones
hoangthanhha1102
Panigale193
ngoc1999
roccrcoo
zhanganh1368
hokien
N0Firt
kotoishinaru17
zigvip
cls912
jinlao
zcardanoz
z0nzjn11
ZmC036
Zs_7777
Chaigz
zadkokot
zan528
zx_rain
lotozi
zx1999
zamyun
zaccu82
huudinh1988
Zellky
louiszhu
packera
ZionhomoBarrett
fingumpo
YourebitchV
shiinayuki
NTD03
Yang1105
Yngu123
JaoJen
Tinhbanxanh0000
HikitaK
Haiyen20051995
ytuntuutjujujj
Chefsbaoyuki
baoya
Yehthung
Biilee505
TomCriuse
yuiyuiyumyum
Nijnef
yongdt
Yato9x
youname9
yunshe
Celbd
yunsamdy097
Yizin
NgLa900958
BonBon9x
Dat0099
Vangfish
Yangcongtu1997
aloahihi
reiteiyuu
Jasonavs
Yeppp23
Xedxed147
bantatca
xuanthinh268
Truongphamxiaopham123
Xamvcl
XYZZzf
xuanthanh2407
bs_x_mmmsm
xerx12e
tranvantuyen
BoyLsVn
ddawwwww
Xiyat
XuanQuinn
Xxdeftuzilwx
xxlnhxx
Pxdav31
Xuantruong81vt
Xongxong
Junior111111111
Addminmir86
chichxagiao6789
Xelamsg
Xuanhuan93
Xccffff
Liyang243
xuanson1102
phanba1992
xosovivu
dinhthitrieudo2020
X271201
XMeobeox
william512518
jungwi
shinichi_kudo_11
Sparta1501
thaytentauchua
Letruonghg8668
pqt2111
ngayngupro
Whippymarly
whoooppp
Pannha3108
Nguyenvuht
Hoangon98
ttn186
thuy35
Vexfjk
Hoang23lm
vietnamvisa777
minhhieu129
vuthan99
Trang1290292
Tuankey
Acurachim
vanh102
suthatvong
Caovietthang
letuanvu1997
ToNhuTm
huy2708
Tuan2210
trantrongtoan
Thiennhu
ToNi0000T
trung001
HT1134
TranTrung1302
thenguyen101186
Shutanginamels
sontdt
stroal
lukasnguyen88
louis567z
SDACKKO23
Son5661
Son2001iulu
shpro057
Sexkomay
Susudam
BangchuVIP
suka4617
solking9
alexsandehiken
sharevideolophoc
Sgdfgvggddd
showhang
The_men01
Seven2496
amsonnn
Soingo0411
Duongnee21022
hehiho123
SkyTy23
LittleScrat
Sugar_daddy0102
Lan_Sun
snoyx
soixam445
huy5110
Ryan123qwe
ruoikute
rogg011
redpillzz
Lethang0006
RenDer19
DuyT1en
hanni1411
rbtranoke
Renoren0
raymond11good
rauneff
grass_gr
ruvik07
thyreakminh
alternative_reeeeee
Bo0pl00
Ryanle27
Rim1ng
dragon_river
harrychan2109
binh2002kt
AHuy88
georgebusbus
ruoutho
Balabala1999
cloudt
Phantientrai
suachuaa
huotrachhit
rin_dinh304
ravaged
Ron426
Robie_Adam
rr16th203
Ftt55
Hidahw
thanhtuan_readyagency
ql09999
quangvinhdn011184
simonquach
Quyen_nguyen97
Tamsucungtoi
quangtuantradebo
thichchoiless
quoctinh1705
Quoctran405
quynh_chii
quanghuyyyyy
quynhkaka247
Tamakochi
Qzuai
NhatQuan
aquoc197
quanghp
Qodshga09
Thich292
Quan_dz
qtthientu
lethanhhuy
pucbaka
pham_az9
hungpham0210
aloruaday
az697989
leuleuu989
Bexinhgai
alonebc
MTp1999
premedia
Call_tra_phi
Phatnguyen2000
Tino3K
teaaa79
howcome0629
PhuongShow
HP20112000
phucD
Aphu194
peamtham
maphung
hingpearom11
cuong_hi
phuongnam91192
phaleap
pham_peter
Pimowi
phucnguyen6886
Kienkhanh0s
OngBephecan
okhjji
orcawings
baopro2147
Natashaobma
Pham_duc_dai_vuong
huyennoanhpham
mxgamez
Ooooooo79
Onlyloveiu
olabibi3
QUANTRIVIEN
oo7kofil
Binonline1
olafn69
osamapikachu
BabyImReal
namzl
Hh_o0o
Okokbab
conneccteddd
marthadjsjz
alviss_19
Shiory
Linhaloha
Hoatocsg
nottoogood
ddddt123
otam124
OiZoi
heheoho
OneHit00
bulloffnow
oopylon
Oishck
onehicf
Conhangcui
santatn
Oldmem1
Nameisss
Oshawa56
mrolong
ongnoideodeo190
okvnone
thanhnhat1176
NaTilep
ncc14
nhumm
NgocHau0305
Ngocnhii97
hnameqqq
mickeydmon
nangban
mythao_555
moooaddhr
Tan_muc
Nhat_Minhh
Miaozz
thanchet195
Humenlll
meobeo
deadporn
hml1005
Mrmit16
Mieeeet
minoicaichi
mxxpress
Linh_Menglot
Luong_1510
louisss07
lee_nguyen6666
Lam1006
luyennrubi
Letheo2k2
trunglc
Thureinphyo
bdsviponline
ngocbella_18
Luizs0
lbheosua
Camcudaithonlon
hoangnps1
kentthai
TKHIEP
kiet8
lukhach24
kurki2810
koncak
hihioaiwjkwow
koncubu
duongkhang1895
Heoconbaby
longbanhii
Khanhlon011
kiera_15
Khoa_Te
NCOv20
tungkansai9x
King1kak
Jimmy_two
kasath
ahuuu_11
son_kolding
AirJordan85
jackyphan1711
shacojx
Joykeang
Jxc41
JGabrielV
Jirenon
Jctienle
Dongsp2804
huong094
Jdjwiwi
jamebondals
Jkahwuy
jeny2308
Jikarboss
jxjdjjhd
Jackyloock
jacksonnnw
jimmytran8686
Psychedelic03
JohDoe1
Ntt2708
khanhtin1
jeff030303
JuliusDragon
chel1797
Jason1908
qpNoHuqp
immicheal
Hoangluan29
hihihi0607
hunghuya
hcthachag96
hunghuynh4563
MieMaiMai
Gghhhhhhhhhjj
Alabatr
koidaman9x
Markgmarkg99
gamviptrung
Gnurt1
Dhadess
Png_GL18
giahungle
PearlHU
beoga
Garrygarrycute
Gainganh99
bao2k1
giogio0321
Chipiu
Giao17t
Gacon1102
Gendymakersey
Giabao1996
nh56gtr
Vualamtinh
giakiem
go34ha
timemkho
giapminh4620
gadaisu
toan_gucci
giahuy256
Doisutenhauroi00
Luvfancy
fanmingwei
kazenguyen
anhmai00
quyenka95
FiveCmMan
Tymai00
Binhlangtu9x
Anhzzz11
hcisjdbbbbb
Fab86it
fIvcko
Fgfxxxd
Fubu112
moriseiki
Tttkks
FinFinRocket
fbc248
FunkyGangz
Minhtri02
MaxFalcon69
Slomania
FuKaat
Hngphot1
fffff12447474
Spc868
Grizzles_fam
Sunbo200
SunEdan
eiyus
hiimin
akfjo02
acongdevil
AnLozRoi
easyBoss8x
Da_Entity
fapking00
Emyeune
erik_2512
emanon77
teoem2
Cuong_E
leopalace
EstaHamblin
thangcf179
Darkedeye
Joeoeoeoeoe
emyeucogiao
eggsy6666
Edwin0o
eddievu1106
Mosoyu
eexn2224
ErLucent
miaoying49824
nhokga
escls
Ericck99999
qwertyeveryday
equalton
eragontuan
Emty123
Puta666
EricNguyen1307
EbilM
head_head
Edgar_3107VN
thousand_eyes
denvdr1123
datnguyenofficial
DuyAndy1509
LeeBre
c4321z
dylan8866
danieltsc
nickdeary
datcon88
dnguyen24
HoangLong96
DollyDucThuan
dinhlonh
hudoo05
Tieuoanh
maulon12
Meodamduc_2k
connguoita
nguyentuantn
chunghp00
AszherLuis
condyne
conbuomxinh5509
ch1cka
cobrasvj_beos
lovecreampie9999
bally_1234
Bao227
badboymouse
Badecam
Badterfill
bronnie_16
Brain2612
Botoan14
tradercoinVN1
Babyalo2
bahula11
a1700370941
TheAnh502
Aaaaaaabrja
Lan_Anh_97
MrAn0803
Mymy_1999
nguyenducanvip
Abcwyzj
AlexNguyen1992
PogiPoMe
Anhcuchat
AlohaVN
Anhtren18
Yoviliom
yen2k
Boktot
YoungKiet
RiseTheKing
Y3Yohji
yankees114
MakeHKGreatAgain
yfjvuu
Buomtokhong
flymemefly
Huy022
Tr0ngvang
Youngky1
Yang_Yo_Yo
yoloswag
yanosabane
ku_ya
Yagebu
Clive2007
Likenky
YoSays
Cccjjtd
Yaryb
Hiatuscd
QuynhAnk
Xuanloc192
Xiaomao88
xecau
ninh_binh
xuanloi
Xoixoi0812
XiTaNhun
Love_xnn
Cuong1305
azaamsj
ppxx_xxpp
x1x2x3x4x5x6x7x8x9fx
Kevintocxu
Xdien728
XiTrumOoO
xinnichi
Taichixiao
Xiao_Mi_Mi
rokoly
Deepsexip
hoangcx
vinar_huy
xuxukute
xuhihi
Xuhao122
CatLuongYPs
sangxuan
pax4h
Vuu28
Ahihi921
HenEmKiepSau
con_vkkm
vsbsnna
Valours_persuadingly
vanduong9088
vhvh2905
hoanggsoii18
Vy1506
VIP_PGA
blueduck353
Nghiathuan
vincentzzzzzz
kidvu
Hien00
Thanh56789
Hatoooooooooooo
traxanhkhongdo810
Tannam1990
kisutre
Sinbad_nb
sadbird169
silverbird424
purpleduck513
smallwolf809
lazybear733
HoTroNhom
DungSark
bang_bang_01
cssgxx
callshow8888
nine999t
kwokkk
svclear
shippersuplo_sg
alibaba889
ngocsgm
show_call
sadboymx
bissess
s3db0yz
Kris_Nguyen171120
plzyouthinks
Scamisdog
Vergirl5501
richartnguyen
adzofficial
Riotran
ryantoan
Robino4
Royalclubcrow
RinTeam
TDACR7
replacementforfb
hanksayhanks
Regit6868
SauRoyal
ledun
pletzotl
Kedirong
kenryo2020
tatekawa1
hlw_369963
ricknguyen88
huanhoahor
Risamou275
aznboizrav3n
thangkuro
rainingrainingday
Ruadhg
ABC_rabode
rickkids003
RpCaricaturabh
remember6203
giangrua135
nguyenminhphuoc
roger1642
PlayBoyHN
RickBez
quanganh22
Dkquy
quydz203
QuangBOY
Longqn
DOQUOCVIET03021993
SonTQ008821
Quangminhshopchinh
tech12345667
quancuteovl
Quanq99
phuquang
quanlyrau
hoangphucne
vanhong678
thanhquyet96
manchesterfcvn
quankunz
Quanggg98
Thuanthien713
alohaquang98
QAn1123
Quangthanh1991
dungbatanh
Quangtony
gideonfw
linhvinhome
Quangha972
Tuquyen99
taipham207
phuminh123
puppy121096
hieuhin12
Ditvaolon2468
leepham113
aung_bhone_myat_paing
Kaito891
PiEndo1802
proplaydo
Phuoctoan01234
ph_ngocluyenn
pors992
anhtrunglee
B99Vin_CSKH
hoan_phan
beautifulsnake311
pinkiss2020
Pigg_08
Congabay
Longbbk
pinkyduong
Allllllllllthj
Phanhxichlo
Tus43
Nam123aa
korexit
littlesoul009
LeeOuy
Bnl1368
Oifii
oblivion001
orgihusg
jupow
ohshittttttttttt
Okxyzxyzxyz
Huuoaivn
Onlyu2288
kuromax
cris09066
Ohmaigot
Hdshhhs
bloodorrose
Okita38
vabiplon
J_Ff_l
blackfirez
Hjklkjgf
boybt1992
badaonhuhoa
ohno113
One12332
baubake
C_H_O_O
OcTieu83
okfine0
skibook
Omen11
Di_Lung
Oniic
Phognphogn
Nghia686879
Nguyennam18s
Hn296
Phannhan1910
huu74y1
linhcute18
manhtuan5287
mjnhtu
mr_bumm
luganamei
Minhthangio
minhtoan111
ma_lai15
Thu_Thu_21
hhihtrrr
minhhasg4
Minaaaazung
Chuquay
nguyenleon
lannhi18
ltnhan836
Lulli007
thissloopnef
Nguoila012
lehuy26
thanhnga9
BigShow1989
Kxxlisalisa
kienboss
KingOneP
Khangca
khangng
Hanhang56
Tinbv2333
CHKHANG
Kkenpi
kepa8477
Kubuts
kkkkjpo
Khoaaa20
hungkhoa1103
Kazaddme
khacthanh9xx
McKenBi
peterJamez
jackysNguyen
Accossory
Jasonty21
Jangjin
joker9x7
joys2021
jerryst
datltz
helloobosss
adfhhjdsf
Jack_Bul
jitshiong
Jikawwwi
donjuan108
JohnHungVu
JRatatouille
haiphong16type
TNGadmin
chuchumcodon
talagio
Seecaresec
jamesdonnie
narutonaco
Jokerss999
Jiliang1314
jnj005
httttme
hannahgarciaaa
huynguyen84HP
pave3827
huunhan309
GioNam1
Tuongluy
curt56xlt
gahfgjjs
Tongvi98bg
Googleee333
ghhhjj5555
buidai123
phatcon2
Greatboi
Soi8386
sunnylee_gg
postofficer
Gcl1x
Ghjgujhj
thecasticc
momoka9
Gau1707
quydau35
frankieno
adfnbn
FluffyUnicorn23
FukkDak
Fakeap99
Fuckingshittbs
duongnhumat
fuck01100
fitary
FuckPorn2k
fortiengia
kingfj12345
Visalsak_KH
tranhuycr259
Fewly11
Kaikawasaki
Kylan21599
Frederick99
cfuzdgvcf345
Sdhz58
ftorres97
moonfly11
FrancescoLe
Fhhhjfy
thuan7630
facepeople
Liuqueen
diu9hkpopo
Khanhdarealest
fakefake1412
LinhPewn
FatalFury88
fullnames
Nerdguyyyy
mocuachoanh
ericksup55
Tan586
tieudoan420
dolv1h
dungungcuteeeee
dg1234321
DuyHung05
binhMU
Lmaodakbuh
Duygalang
MLuois
duclee9x
LookingforprojectstoDM
Tungcuto
Trien_chieu
CTBlackSakura
Chau_Hoa89
Hhuyynhu
Chiendubai
CHB997
BinhPlayGirl
Cuudoilopsoi
ad1382002
hoanganhcuong87
CallSexUyTinn
chuongpvntu
cuong_hl95
Chutichphuong
Huu999999
Acmdate
congchuadamdang
bkelza
tuleze
thanhngo
nguyenbatien2x
baybauaua
Benho7524
baobolt
tuan0697
Baonho2
Tuanb1991
Thaidepzai
hhttx91
nguyenlinh1005
Anhphuong12
anhtruong19xx
binmanucians
AcidOnMyMind
Aug_Nov
balablaj
arianabae99
Huatoe
bundauphoco
XikeArt
xsang682
Xxxz123567
xzxz00568
Xualo
Xshadow1
leexiren
TokenXYZ
xmates0980
xxibtn_duc
quyethdvn1412
John8860
xlangvt
x040801
Xiutokhonglo
nam_xx2
atien867
trungvanpham
Ttt5dh
linhphan1996
hoanghuy113
ThienVu93
trai_vietnam
thanh_vy0
Nguyenvandung2407
hotrovuaclub0
NhomTeenVippp
Kaiiiito
Mhallowz23
viet14081997
lonmemay1111
VHDVN0909
thuanthien_vietsun
Varoshire
thienthien2k
Huy_Tran90
Timchidam
Tonyhuy15121988
simcuacuong
S0nk4
Sinoda2909
Tepsereyvuth
Shinwalrfod
DoTruongSa
tansieu
SonTung_MTP
Cuocdoi1
Scvbyr
SOIDZKT
songthan9xa1
subin6996
Sondattn
loiadmin
TamHa_HANSUP
small100000
Noenemytm
Sonicking
VikingSW69
Soldierz9
cheifg
klpncs
ssoul21
Roseseggg
njymkka
gagwhshhw
taobaonow
noice6996
Rainingcat
remymartin1810
BoyBuon
rimlionel
hien121297
roll_0011
VIC_DatChe
rikkilove
lill_Rat
thoitietret
Ramonyy
ReevalRainsion
Rogiz9
RanProVN
Ryomapro
Razor091
teo901
resshin12
harweyP
pallone_rosso
Ravenle860
RoneYado
Tongocquyet
Nhoxkenl
Qwertyuioasfghjjkkv
phongalyn
boydamdang
MayquettheMPos
Quangdung1994
Longhn
babyboo9xpro
tqthinh2611
beeng_123
botcanem98
QuocNo
phanqui9339
quanhoang91
lucifer0heart199x
Quaan1211
PopP1y
peterpanziz
phuongthao005
PhanMaTiit
heobabey
dinhphu1204
Peter_pan85
Tonteg
Phich_thu
Anh_Ap
papattg
Maket1qaz
phamtuan00
lamthiphuong35721
pmhandsome
bachphu1978
phucgr
haibanh995
Peachy2410
Pntbnc
Phangphamphap
phong_hoai
N9MINDAN9
oknakha
MatyuSani
ot7x24
comecomecome
dumetuimay
HAO_KHO_536XVNT
topone1102
Akays36
Noxian2805
t060326
motdamchetlun
ornithoscopy_1831
Dada756
OsuCC
pinkzzzzz
hrhehehd
oskbeehmeida
olethang
OwenNguyen
hoptq
Hjhj0988
okplaaa
fmatdg
toyeucau0
SYNLVv
datdt98
K00wil
nguyeneocay
Honey2k2
trungg9x
mybaby0105
mjnhduc
binzi1077
hoangtuamminh
lovemoon123456
Mydam1566
mr_lycute
Muahemuaroi
Ngoc2k2
longinator
minhhuu88
meliodat
namdubaiii
Minhkkkkk
tommy15699
borntobefree05
Marceloorres
mash011292
thanhspy
LinhKaaaa
ltltlt99
ThienDiaLinkLink
Hoaif_Linh
long3312
kh4n900
Khen2120
AkarMyatMinKhantThaw
kenpi1997
minhkiet2006
arkadata12
Duongtrannn
Hamwayk
KhoaiTo1
kyduyenkhong9898
testing1230987
badumpow
phat21
khanh137473
Khongcotennaodedat
PaJib26
jade992
Dark_great1
hjsbu
jeremienguyen
mrdam111
James3600
Jumbin1100
SF369689
JOHNNG99
nangmatchuot
Blair_Bla_Bla
jhon_nguyen
Jgkgggg
jus3114
Jhuisavange
Jwzbbaqk
Stylemena
jayznguyen
johnwick811
JJOKochoa
juniotran990
khanhhoang199712
Sovanjakra81
khoale2354
Jacky171
Nathan9900
Jason2190
Linhjuva
DucMinhNguyen
Baoboimm
Jsjsnakak
JokerHLT
jagnsz
Jjjikzek
jdkdj1
John9920
Jwt2020
jokers0955
nguyenaiquoc29
JulQ_Q
JohnTom1012
hgvkv5jytid8ph8jo63vw
Hip766822
huynhbao12
giapthu
Gzazk
PanHi22
Sai_Gon7979
Gaunhoiboomhni
giaothao
Daqux
Pholhuynh
linhgac123456
Nnggggg
Guyvg
Gajoker
giahuy23
ginceee
Hoanhomai
godlike112233
honglinkdao
MedicSupport
Gggmmjjjeejjeejjeejdjj
Ggmia09
Hurasalt
Ducgiao
Vbnnjfffgg
Gsjjdbd
GunGoodBoy
cogiaothao09
Koyzenn
GreyTD
alexguo85
Giabarg
dtmgog
gione23
fch519
fioogf6986
Fin98
firefox221
fdswgn
fightingboy99
FaceLess2020
FINAL_Lap
Feerdoomk
Mryaru
Tuyeta
boii66
phuocml
Fresh_Summer
FrankieMin
FarahKarim
Myfrean09
fiction121
Langtumailaanh
fukkkkkkku
Fishisme
ngduyzzz
DraculaAT
hoanganh2323
ducdeptrai2002
DealerSGX
DeNguyen68
DauTrocTocDaiii
Dieuthuyen99
datttt2k2
Dicorvery_Channel
datcon1
mankostore
anhnaonhucau250k10p
Duy0339769088
hoaqdyy
culien6789
Hmc3467
Tuyenbii28
cuto_88
caomytien
BenjaminButton1990
Chomoi67
tan_cuong
tungchinhthai98
Mrcondoms88
chioafk
chinh142
ayechanayechan3
Mybaby2k1
chelly91
Chym2k
cuongbv2
coins4life
CuBoy72
Loncconlonton
Candy180350
benhi1905
binbin994
Buoito123
bbsz0
Bizdeptraiz1
badboybluezone
bothanglong
Hjgjq
Bam_0209
tranduc_bo
bmhc420
Bdhxhavzhhzh
Tung_Anh2
aaaaaakay
Hhccssaw
BKDTPM
lendendinhnhe
ahconchonay
Amber1975
amen2502
anhtuan98hdvip
BadGirl2kz
alvarDo017
Aichoemcudi
Lolylink_admin
AfricaTwwin
Vohoa1990
MinhhAnnn
Huybsj
vietpenly123
khunglongcon
TilPound
vanhoan1001
viettinder
demo123445
Vantanh
BuiNguyenTuongVy2k5
VnsLucifer
vhjbxd
vananc8
Vietanhnc
manhoa
langld
Trung4869
daddys1
VNTeo0212
Vivian987
Vuchhu
ttung07
thanhdung592003
Tucuto
Ntt271998
Trungnhox7
Sjsjsfu
sauca1992
shamak93tv
ledoansang19052001
Narr66
sir1102
Subasa14
Nammifox9999
djsnake76
ShiniPhi
SoiCoDocKfine
suhao1993
signeod2n8
suhao9x
son2201974
buz_147
hongminhthe
kuken2021
Skawngur_bibee
balkoob_studio
bijiontah
VinhSoul
Boy_Satthuk11
Huyentai7
sweet_bae290
sodiumjs
Sugardadygf
soksophirun
Sinh2001
racingboy97
ReNyQuan
rockefeller1296
Riztea
lhklh
Shenal96
RakuRyou
rgylb
Shawn_D9
Phuongchun
HuyPhamPoFP
Ghjjjhhhj
Duy357
ryanbui
reviewhyip
Hades323
rookiea
gennnnkinnnn
RizVIP
novaheliosmk2
Notinusenow
Rinnguyen19
R4z13l1302
ribeyeent
Cleric8888
nguyendangbo
Redjohn000
Robertskd
Rainbow_Colorm
Rokito_22
rinwinner
T_rex999
ChangAhRyung
Rapideye54
JavUsa
MissRose_bot
quanbui3902
quoc28112000
duongquang1611
Quynhktwww
Quannguyen626495
quangquananh
Hiepg
qhyyyyang
quangsang1
Philuong
Quan_0
shdxjd
guang_ming
quochuytrinh
dinhquoc
mustbegreat
PabelickKimberlie220
PHEA9899
Pon_Nguyen1404
Peached3861
Pinkboyyyyyy
Koiking712
Piin2103
ptchandai91
lephong2412
phimtonghop01
peterpaker1988
anhhungdaybien
Lion1827
longhhh
NguyenAnhPhuong9
nc1yp1
nulo2501
Ngochuy7103
NguyenTokuda
No_name6789
hjjjunn
boybto
minhducc567
BinPictures
mixiimoiii
MeganMego
dung3105
Min_Ha_8386
Louis_Minh
Njklluk
TyNe1426
linhnguyen25
Lisacute1996
long26061995
thichtamsu
lee28112017
nganle_2209
Hamlet12345
long_lllll
Nhattran1
kimzo37
Hhhknbx
kieutrangt
karmmaam
Badboy2409
Tatakiemcom
nhangheoroi
khoanguyen220
Kevin_De_Bonz
Kdbdhd
nghtuanh1501
Khan17cmm
Kemui195
duyhanoi98
hongbietyeu
diijc
JustinTrudeau68
Jackthefuck
Jleong
Alogin961
vlv013
James199766
Truonghpmu
jfkekwmwms
junwil10
Mrjpam
June465
nguyenJohn
Jet3iv
jueny28
joker0929382
genjimada
thuongnguyenvn87
Jckekkxm92
Jigjhjhj
DrumpJKO
JSNguyen
jjapwknd
Jisaka022
Louis_JL
Jolathanh
jiangge520
Nnbbhjejkd133
Jjjss54
justtmp
JG_170202
Jinji01
julzdix
cyjin777
Justhqqqq
jetheex
jhouDan
Joneskg
mingjin95
Hanks908033
HourHourKK
hkgh3034
Nguye0
HuyHuyHhy
Gamemaster113
goodboy2k
Linhlucr
dinhgiap32
shindz4
Gjvhjnbvcu78o
gnzia
hellomatherfuckerr
Giahuy06
tubgf
Gfdrtyh
GuluGulu2701
ghitoson
Growchingching
bbgoon
Gasoemla123
Tunganh93
MrKhoai2018
nnt2204
theend1990hp
Dungtranminh
diepanh002
Danh0909
angryfrog863
Djjckcvs
h2tdev
deviltan
deptraikhonggiongai
dachong09
Danmdkd
duyhlt
Trungprohina
ny_duongwys
diepanh241
dailongqng
dieu2k4
duongkongu
DntBinh69
nnd2405
Nguynhuudung
DuyIdol
cSewardc
changgneee
CAKEMILKK
ChaseexMilana
baoerye_cnKM
ChaEunWoo303
CuTin172000
checkervietxxxx
heosuadayy
Anhcodon1
chithanh75
timfwbtayninh
narith086
Ak4seven
Choemthit
nmh2003
binhoi09
nhancallshowzalo0779596134
cauco202
tythieugia030
ChtNhnct
banthomap
bookinghotlive
BoyMan1230
hoang_bao1102
balabaxu
brownmouse190
blackmouse102
bintori
Mrbo190
nguyenhhj
milano0510
Pope_3
Lonllllo
anhcha
alkwee
nadilac0712
anhtrung333
Abcdxyz001
thaozuto
ARLQIN
baotram0007
trananhdz1142
buihoanganh09
angelbaby1996
linhanh85
anhhoang20795
Aluan9x
Anh_La
alabatrap1290
Buoyto
aloalo12356
Vincebt9
Vutrubaola
phuztran9197
vietbm268
Vietphuong1985
Duongvanvinh
niceguycums
vipdd7
leloc_vjp
cuvanh
vanz9x
VNBinh135
ndv299
hoangvu1235
Vancoi
Nguyen_Van_A
vaobo0
Hack123666
trongdavid
thanh2512
tn0025
toandongthap
Thuc8798
namtrannnn
TaiKhenh
thanhbinh1713
Santana1502
An_NHo_1999
smartclub852
TienSinhTraXanh
stevin1
SanFrancisco41
Hvcfdii
dtnhien
tainguyen111
Boyback
singlecrystalll
hoasorn1
Sawngie21
KaiSM32
Nothatkia
hidebro
mannequins17
Sozaso
shawn859015
Bang_Siris
maakskoehuib574vh
thang_he
SanBECKSPORT
hayquadi
scalpro
CoolSpoidy
Sativa151
babys98
Cuongcuong2572
Quang611
Dangquoccuong1583
quoclinhtran
qqqqqyiq1111
Demon562
qwe089458
quananhh
Quynh332
quangkhoa91
Binhot1
Cripper8
Quocminh123
Bebeidol
quanchimto
quayhu123
phanmanh
Datdondoc
Anpham1509
barbara2629
penelope1772
andaubuoiancut
Tientute
tungpt19
Phong11898
Phuongphuc
makelovee1
tuitenphat
Philips8
luckypenom
player325
hysato9665
NKQ111
ngaiyeu201
Noname13218
huy67200
HN98765
hoang762000
Ngoctram9900
Hihii01
lcm_58
marcus_l97
Mask_Null
LeeHuynh
MinMin2000
leuleuleugnn
Minh2829
blyadmrn
BinCT93
miu97
MinnBbii2k1
Dongthien1
LeeMinBoo
lmaodark
Leedinhtra
Luan_0211
hieuleck
kemchuoi
KhoaMana
check0016
Doublehn
clgtnoname88
Kalynk
mcmRbioUng
HotrokichhoatOTP
Kentay6300
khangluluon
traidamthemchich
Baokun05
kiennguyenz09
ThamtuMori
Tung147
khanhdo
Hait2409
Kanetran2309
JunVNfr
JBBJ80
nikejames
Ginxzy123
justnk3123
januschans
JeV71
bhgcci
Jinbes
Halovn
Jarvis_1996
Jiro9420
jimmynguyendr
Chris01fx
justinphuong
JunLine
Stevennguyen9999
Jacktuan
joinchick
hihffhhvc
Hazar123
jisho111
jenyaol
Johanjjjj817
JonhHard
jeremiah1102
jhw520
Sanv777
Jsjsjejejeje
Hihihihi65
Ncmcmcm
hhhhhhbbbbb1222
PGary
Stopls69
luckygiangg
Lucmobile1992
BlotlessnessDoubledecker
CSKH_Htro
Goodboy2301
Gioitinh
Gun1er
Andrew_9x
Vibol_GD
Guo84
Napegaming
Cuthuxem
giaosuduc123
huychip96
N_verSayGoodbye
Soloocoo
trieugiakinh
linkmoihay
Goodluck699
huyhuthon
Gabri1706
Ghiensuccac
Gaque84
haipham3110
DoubeH
duynehihi
danhtung1011
david_hanoi
dunebsa
longdragon0000
duyaz98
datthot_9ngon
DeeTee86
ductruong1102
Da08235
mubaide
Leduythuan8678
bupbema22
cuccungg
tyhon_003
buonbaby
concacne6
Camasian
huynhlong1
llKellN
chutichnang
Cuba11
CauCoc
Hoanghung1503
citiboiii
Ngocan151011
Huutuu
bechuot1984
biden_123
Nhichdiem
Blilldy
Bichly90
LokiBee
Ber1803
natsuk4
timyeu
Nambaby1
bellaidol
Binh520
bong199
Hoangtho1505
bidnkk
Thommassa
Baobao104
Abcxyz29
Thienbinh10
Leard_Team_Agroup
Anhyeuem19
alex5877
Azvi12
auxdix
Thor9x
anhhnucass
Aloalo420_043
autrung
anbum12345
Aye285
anhcansaemh
Aaaallllleeeexxxx
tuan_anh0
Alishh121
anhgiangday
anonibq1
Tgaim
anonymousexyz
Cepher25
meomeomeohaha
datlenn
Vcsome
vinh2013
vangvo
vietduc24
Vovancu
votinhca
vuthuylien
Vatlituoitre
PiuuZ
AnnabelletLuciano
Abcaqf
LucillepolyNehemiah
Vyvy199
trungprow
vndthanh
hht021299
Thanh215
Hoangtran9419
HT000111
thanhdat1990a
Hoahantu
Tuananh2000h
T26599
Tongkhobot
shadylee
Data112g
TrappuBoi
saocungok
Vusary
SuBin2000
Kalidarkzero
Chutich18
s0sikcsgo
Khophetday
AnhGau6996
Binto0512
ninasunqianwen
signals07
soapery
Simrac
Sexyboy1001
tienthao
melisa1469
conphotop1
Soecsec
Ditmemay2k6
Duccasim
sangdzu
blackberry8700v
sovanmony168
slow_lion
Sangtuong39
Ste1029384756
Milozula
vidoeo
Shakershaw
An11112222
sunxoan
soundman227
smok25
shusggg
Songacang
QuySau
crazyguyyvie
QuangTeamcucu
QBao99
halooooooooooooo123
NgocQuang17
stkngyn
Quang0905584126
datminions
ntuanhung511
quangg123
huybeo2108
QuangAnh_bds
QNNTT
TOMMY_BUI
Vypham1
Dog1412vn
Lhpcmg
phampngoc
Phucnguyenthien
Philips98hihi
Huytron
Trungvodka
Piglikesex
PierreoSloanefore
Peterparker168
NhPnHgH
Thanh1012
Phatesa
PheapMashal
piiker124
toanthuy7598
Nomecry
mio150
MeoCaoThu
Thientk
monoh69
Mocvaobuom
Bien3333
MinhNguyen9777
BOSSNANG
MeilaniChaya1528
mmm2606
minion180
MaNuDaTinh1994
Tednau
metalica646
Hongabat
ManhXinhTrai04
Thongdam21
nhgia94
mitch847
himurakenshin1
T10112001
tiktok_lengoclan001
Longnguyenntl91
lthanhduc
TrongLinh6688
Lam1368
hoanglong81
Longmono087222892
Langque
thanhluanpro294
Helooooooooooiii
Tui_la_Tui
NgocLinh1995
linhcuter
Linhnhi555
Lalamfhsj
hanalinhh
lavaloon13
kin0603
MaicoK666
Lekhanh8988
kingAhihi
kieki33
Toan340
kieuannh
Lamminhkhang
TinhKyNu9
Thanhlam997
Kosed
MrKim83
Khang99
kecodon1971
alololoa
Joe_VA
Hhhhh766
jackluv
Minaminoa
MOOOOOing
jessica1158
jaynguyen409
Phuchoang502
jailas
DiD250505
Candysexx
JustinHoangChi
jackthedr0ght
Venm254
Jack123456A
bioleben
Kenkaneki_1402
nanhmau9x
namcbvn
Metodisik
Abcdefg1255
JJkeyy
Hunterlaaar
hadong90
hung235
Huy10021997
handrich2000
NeverGU160
Ggg65g
gia29101998
gckb001
Quengocgiang
ghhffv
g4usaig0n
littl3pusy
gnuuu11
Gamini750
loveyou369
chuoixanhh
hpkjpk
hunter96
Thuonqboss
khongcoten99
MasterG_0907
Guannnnn
ganqinn
Sbgfhsh
Gold281092
GoldenCircle888
phuongna
gia_huy2311
GoGoku
bintrocno12
Dockystyle
Duy0608
Hoangoc
Thiiichbulon
B93er
Lovefwb
Tranlongdna
dinhhung8888
Dr4L0rd
Dee24296
tuudan
dehatbinhte
NewsUnL333
Darker69
Thuongkk
hoapolang
NamDang11
cauhai2011
cristianovn16
Chich12cai
Hau110793
Conchoden1
Cudau2205
Lithanhly
congcong99966
conbuma
Choidi
Chuppyk4
manhcuong79
Chithanh175
cinochu
Canttcuaanh
Buithimailinh
HuyVau809
Bb1520tr
Huyynhmmo
Bmt47hhh
Bunbaba
biubiukewt
BinhDang2004
bapcuteisme
Hoamihot
BaDaoTienSinh
herahera2112
nguyenvanhu
Bemtino
timchigaidam
alex_teo
homnayemtoitruong
tuananhhoang19xx
anhtu1304
alexdhp
nhancallphi
Anhday92
anh_anh_nguyen
aicanih
leuleu1231
anh1253
Lophocthem188
ducanh1691
duongvangem
luuvanke
Vincentnhatvuong
Pompany
Phucxinhtrai
Nhankeovon
ntd1207
VanDucToan5713
Hoon619
duyvu_1230
Vunobi
Timvuhpv
VATHANALENG
homeship_9515
thaihoangle
Ngoctrinh2000
trannguyenngoc21
S62626
s2nick
stevephucnguyen
BoboShooterII
duyvu1234
seiffera
khoasama
Vanvu2x
tommyhuynh
Skyfall1973
MrNgau
tamnhung2808
Bigdickboiz
Sung125
bao5289
mickyMANname
spoongsporks
Secretloliiii
honhasupport
School_k88
sonnn26
longnguyensg
dqthai
Dieusocute
Quyetcan
LHQuy
Caccc0
quockhanh62995
quoctruongtrandan
quanghungads
Vuhuutoi
Tuanbuoitovcl
NguyenQuangIT
D258888
Quangphuc7171
Nam1174
manhquan9999
hi_233
Phonthuy
PinPin29971
Phuc2003
Phirunn
thuypitxx
Pvh9301
tranphong182
Phao9669
Ponhok
phatuop
hamtruyen9981
Marisshelby
Cobo193
kukutooo
Hlhlhl14
kimphuongvip
Phnhb
Phanhley
Nhi_96
NgcPk2
hieu_michael
Mjndan
MT19464
minhquanxz1
tynak47
NguyenThiTraMy2003
muoicute
manhbui21
Nhatminh_2409
Mindlawful
mapmap99
Minkakm
timxinhtrai
maybayHN
longmathe
hunghichu
tranlongcx
Lo9130
longvong
Linda_tyty
Lucifer521520
Thanh19990312
Thannhlbt
Kinzhjhj
khanh6969
Kidsboy1990
khang31
kkkkdck
drK0702
Thoa_Bitch
Kha_nhy79
andanh26
bin_ca
khoaiando
KANguyen10121997
Nguyendinhkhang
khanh0910
KissKa9
kimanh1911
KaneLe1106
KenKhaKhung
KhanhHoa3103
Kimochiiiiiiiu
kengsr
cccccceke
kenmaszzzzzz
sjgiijbbfdsetuihvfgfddr
jahseee
Dungct3010
joker_nine
JhinToki
Sweetpotato2k
JackieNguyen09
jfunn1
JoshSmith21
Asdfghjkl193
Joshua_Joseph8719
Jon_Sing
mrJezztt
tiay99
AndrewJr90
Hoangp1
Jupikent
Camau69
JordanDoan06
Julaitran
liudesign
CosmonautJ
jim1st
JackMali
justinianus2001
JerryVN
jjjjjjjjjdsffc
joliebeauty
johnneydeep141
jj22245
Jkenshinx
Bigboss1200
Jjbang
JJJ711
jjinlin
Jtiger28
cingau
jombie04
Justordinarymen
VanJohndoe
qchien12
justakid102
Jamesxxx
kkuro5895
khryzsianjhanzcen
jackjack14
JokerT208
huyendeo
NguyenVanhuy
Hentaiqn88
Huy0302
garry0439
G18vin_App
gia155
gaunhoiboom
GL34hd
anhdzbmt
Ahkudong
greedisgold
gijo01793
gkkkmmm
TedGreedy
ght0812
S7susis
Gdhhdff
gen1u
Lvt2k1
dung_1911
duclong0905
trixnxxxxxxx
dunglexo
Ducnhok
dora1327
Tungduong02
dara077220909
dedf2
dinhtuan89
duy1922
bagialang
tiendao2004
chimtonhatyenbai
deccer
Dlemne
maydonoitter
cc15cma
NguyenChiToan
Chjcken
Conghau1998
Cuongatm1998
cahieu2010
Cucujmm
anhuc123en
Ngan08
ToanLee2020
choividamme123
duongngvanlong
Boydam90
BrosLG
beteaa
Tonybanla
bavinh114787
Bideptrai97
benunglolroi
Milkbabee
buon10giay
Baonahh
AnhLaAi
Abcyx99
Anhkar98
aiaibob
nana112
AnhThien205
An_0800
AnhNamJr
anhdohp
tadinhhuan
Bonsai277
AninOp
AoVeDemTN
ngocduong12
thaomai211
AAAAAAAAAAQZ
Ak113Ak
volam2005
Tonvux
Tonyvux
babyredakahungxedap
kuduu997
vothanhhieu
Thangvau5803
Bacsilethaivanthanh
vnkaiser
LA_CHINH
VanNgoc12
Cupo111
Thanhluan1
vyvy1819
vanduong123
vlxx8
Vuanh99
Tainguyenceo
thanhkun
huong2
Tuannjok66
nguyentannhat1811
thang_trang75
hieuapple94
hotrosinh
trungmomo
lhy1131559462
ballsupport
Sghtvbgn
SuggarBabyyyy
dev4993
lilysweet5520
Lovesex696969
SaNqCuNq
Sabcca
princeinmanga
TheShepherdBoy
steventom123
bongsua1234
landone4xe7
samaelng
Soixam123
Lilisony
SONADS93
TheCutieBoi
Muashe01
Startuppj
Qid12
Minh420
hsasyvbk
Quynhmauls
Hoainam67
quynhoc
qeqnin
Quoc178
Qi_Bz
timnoidau
quanat688
Quayhubadao
NoSayBen420
qtthehuman
Chaulovely87
Quocviet33
ngquoc
vitconlontonn
Mq949
Quanku
noname2177
adhofy
make_noise_bae
Nhokbun16
Thaikhongngu
PhuongNguyen15
Phamquocminh
Anhtuan2323
phucsgsg
Lozxxxxxx
proking98
hoangphuc1102
MuaHa1
phuonthaophuong
Nameghost00
phicong9x
tuanphamhp
ProveLink
pvhios16
phunghieu
TigerhuntingAbcxyz
nuguri0
nonametpht
minhtruccute
Misssnu
Ngocmai0
Mrl3003
MrTeof
Luansodddddddddddep
Traixinhsn34
minhnhut252
Tiengsong0124
linh130997
MysterySextoys
tammao82
meero77
MobiFone0908544145
Miniun2481
Pinkzdapoet
MR11YGS
minhtri001
namtran209
thutrangyeulinh
minhnguyen182
Laurenc3
langmlem
lehaijacob
Hoanglong15110
trolyphatnhac
Long123dam
LamHoang2509
less33369
lequoc0001
lylydamdang
dungbandexnx
Battolmeo
kietngo547
Namekiet012
marky03
loliforfunny
nguyendinhkhanh299
monsieurkami
t03abc6
KIRITOYASUNA
Kietka
Kunxinh89
Kentonhatrick
Condimemqy
TNHTTOKUDA
khanhho3108
Babiny
Lockhanh
ngolngol01
Huy9979
ngochieu1221
Tenakamns
gaothet
Vangk11vn
Arakitsumi
Minhgiaoo
guvhuf
giengchan
niceguynb87
Ghghjlhh
lygiabao
thukute22
TungBigdick
voduy895
tramanh111
GauKhang
Meto3344
Huanrose2809
Gab158
boygymdz
LatigoGeorgeanna5350
misslion111
drrg999
giabao345
Llohhy
Ghostboy898
gaigam
Hotrogiaidap88
banhcongtu
Dacre148
danghai2
drfuuhhhg
Binlee1331
deubiet
doanh321x
tvdfgvv
tokuda053
Diloanhquanh
duole
to1laduy
dat09xxx
trandann
dinhoe123
daiphu29
denialll
huong1904
big79clubCSKH
coipham
chentruong
MollieTrystanspiro
concung101
camdayne
CbycBycbY
Lancute
cengjing202001
ThoPheCo1101
CAV109
Chimtui22cm
cuonggds
chaoyingqq
AJonggg
crydont
linhcute99
Binhlive
boyleo69
tuankietdang
badboysome
Laiphaiphe69
lontovuto
Benghia
hoangminhquan2003
Trung6Tuiiii
bvu03
Billyzn
Boomkl96
Buituananh83
anhanh009
Abcdakdjx
Ahuytss
coanh
alhh11
txttaan
Tranduc12
Tramanh991
chibao2769
adamthien
Apple075
Njjsnsnjss
luongdan2k2
Huive44
Nguyenvannam97
maibaothanh2019
Vivaaz2002
virusxxo9n
MinhVH
vuphamngoclinh1995
Hoangvanba
victorystar20
Vannak03
Anhyeuem110
Vudinhhai
Vnsphuc
hihihehe77
Levofloxacinn
viruskh
Maseno1
Hien2k4
tan1234566
virak_single
sondinhzx
Shynzzz
shinwie
Senda11
CodeSMS01
Soihoangz
shinnoshu
AD_MinhSon
Ksugfgg
Sweat80o0
smilels95
HenryChau
PHORNSOHAK
HotrosumvipOTP
sightothenight
steve_ly
Measchansiha
karl123321
CoongAan
Kzibrl
skrrrsz
Sirius54td
Theson98
songthan
Khanhspotify
taobeo68
ShondraStarkey651
Sokuto04
sy0zxje
Snoop_pi
ashura1998
Quangvinh0
nguyenAnhquan
Trung0
Quankem
chambacham
Dinhp
Quabg
quachthehai
loveyoubabeone
Atsals
lxtam
Qtuyn
Chip1405
quangvovan
Quyenkidd
tusuon1
Longkien
Thienphuc97
Phong678
act20766
Loxohdjd
Huuphuc0411
Bocubo89
thepaner
Privatehhh
KHON_CHAMROEURN
Ptthn95
thangphm
Pandoradfdfds
PonLouk
Haipham2020
datpham123
cnznzncndjs
nani1333
MinhBeoss
hamoc6996
Minhmuoi21
mymyne
Mh200404
Taotha0
Husmey
min668A
Minh44
Hoang2k2
Tonmai234
Miixtafe
Magic1213
Mushroom0807
lyflycam99
NSLavie
Timgaigaidamtamsu
looloo_lala
haibeo3702
lehanecacban
huyle0604
leminhhp90
lecongsi
Longdang96
Nguyen_kha_79
Loczz
kark25
Kartanlomi
MasterDG90
Km778899
hungdeptrai123
khangne12
Ketamin97
nguyenkhanh145
Nskdjnd
NKBCT
kornseheng
Kali9913
Kzaht
Khongcotean
hoailinh007
Ngonnnnn
Hatruong09
Tran_nhat_hao
harryvn
Hoangh
ngodiepbinhan
huyqv2000
ghetadminfun365
Dungtb1
GiangTra0410
Htatybg
gato22
dungtd2_Gsn
GielG
PhamAnhGAU
gaul2
giacatkhongminh97
GreySoulss
Gbnjj
hnhan
gnorts1
gianadai
Gunawanfl22
Gudboisaigon
Hoangla24
Lavanhien
GangnamStrym
Chucamo
GTFYH
Giangbt
Superhj
Dr_Disconnect
Ductin1994
D5699
dang_lee
Milkcute
lpl15
duydoe305
Duyhung01
Menmennnn
Tandatz
ditconmemayluon
Ducking1
dian1234567489
Thdatt
laivanson
danchoiCali
trungpham01081996
NTDanhiie
Cuongnguyen93
Chedag
tichduongbg
Cuchi59
Traii00
Criss77777777
nateeebuu
bot_cskb
Conbocuoi123
buihaiha
Bautroitim
Buihung111
BoiBoi95
thanhb2020
NeroBi93
bedepdethun
Temuujin2000
mrblack771
Linh240201
Bongpr
Boyboy09
msosjwgwbs
Bubelove1
meomeo2069
Babitne
badboyhp113
Akkkkkg
anhdaubep
alextung1
danchoiuytin
cauam365
Accentts
BirdBlueeeee
Anhh65
lvtduc
hpat2409
Argenteus1358
Babanau6
anonymous6019
Adlauhau
anhiuem
AnhCute123
traieutran
vitanh2303
Namprro
LeonsKennedy0
Tranvanviet123
dungdolce2000
CalriTH
v221013
Chautinhtri009
Ngocvykg95
Thanhpkong
Khongcotenrieng
AmaniHalliday5318
Aaaaaaaaddddcc
vt2401
Vanh2502
Mamdit
Twodesignarc
tungtung6789
tt88078
Thanh07bp
chauduyhieu21
pupito11
Taochihet
Smey_Amm
Stingert
Klllan889
Sofs19
Skiller27
Sin144
Apanbinadbul
skyvnm
KSNBSS
T4in4xx668
sapcuoivo
stevenzchour
HoangsonAro3001
Sunnymoon2
Nghiadaisu
helloosummer
saitamajav
supboxam
Tamnhu12
Anh5sg
simon_son
Ca_Vang
huongdam2k4
quangdoapzai
quizhyo
ngocvan940
quangdieu15
Laimaybay
Minhquangerg2000
nam_lgo
Thooinguyen12
Tieeeeeeen
QuangLe39
Noneedtoknow003
QTT15
anhhquanndtr
quocduy181205
hoang467
minhquang123
tuananhtd
nqtcr7
quocvu77
buon2k3
hoaiphong1804
Phuocngontinh
police1995
phgnam
Pt3690
binbj
truongtruongphuc
linh0
Paipai0143
NVP89
hardpotato
Phatonhulai
linh_phamm
nam3701
hainamvn
ngoo_hii
nht2589
hoicaigi
Tungmario
hieu285
mrt1812
nipnip213
nvdksg
thang09999
megalodon208
Minhman9
Bimap999
Minh1206
Nguyenthanhloc2412
letuong2003
Thanos_Louis
huynhlongho1997
LaoTienSinh
longtran123
NgaoLong
NoonSHINE
heloty15
lucy6789
Leo29x1
kwangbo
kuNguyenden
can110497
myoffice2809
Kiss14757
Kecodon93
Kenmax79
BoDoi_Ctet
Koyaz09
Longkox
Kyndyd
kennguyen
Hkdrago
KimLau1368
Khoado97
caykeongot
hai03021998
Tienhung1312
Homie6969
huyizmeet
Hoanganh01
haykhoc123
Hoangshy
thuchoang
thanhhung2602
Huyen0921078627
hoainhanne
Neogalwop802
bazhvn
doan1234
gomit
standplatinum
giangbh
Acbxyz
GabrielTaiane5802
Penguin_1809
the_gowther
genesisbn
meobeov
Vxndndbd
giaulaodai
Hacquangia
genzama4919
greatlc
Georgepierre14
Gabeo28
Aqoqhbebs
ghjjfsh
TienMin03
Thanhduy1998
Boy_Mang
NguoiDung
dangnguyen10
damtacc
Longlongla
NguyenDuong96
Hoangnamok
dattrann
duyquang1310
cris12398
Nam312
tonychau123
christ_tr
Cfsagjkkjdtruongssefvjusaegn
Chiencanbo
cubulam
Chaonhe
herocat111
Cu_cui
thechien199x
duongcuong2501
Conmeod
Thtnp
cute099
Nam347
CCCCC8660
ngohoangkinh
butbuibam
bathanh
thienmatteblue94
linhkg09
Baodangyeu
Mohammed_Bahraq
BayUnderground
Bc_72
Baolo123
lucieebae
NNNNNN6M
aloblo1102
anhba420
hello_152kh
concakho
AnNhien232
Abccbabbabab
alibulduk
Akotu1285
Hondjka
blizzardofking
LinhLinhnef
Alexmans888
cute9w
cda1998
bemoooooooo
Vanvan123455
dinhphuong123
TrinhMaru
Viquanghuy
Vansutuyem
NTH2k1
Huykubon
vinhluona
hon15cm
DUCANH_ASM_VP
Michael16
hungvan89
vietTM
n0039
VictorDang
Vanthuannguyen
Thanhvhjj
Luong_Vy_1
vtvvtvvtv
Vuhongso
tunthanhk4
TaurusABU
Trantri998
toantruong97
morningstar9999
Transang1712
SharkVNN
Haruki98
Soibeti1305
SuperTokency
STAFF_102
BHS1305
ShiineM
djskiwn
ns3571
ShinKuRu
Snowbae9x
basang1996
MrHSN12345
kidone1995
MrSokrates
Shinterl
thich_sex
SoL461
Ccsten
Dara01040
sonnh88vn
khaitran123
Quanghung94
K3n59
homiehome21
quangliver95
Ttghjjj
qbqbqbm
quanrua
QuanCoi
Qqhhhs
Biu174
quangphuc91hy
LepleuLeu
Aaaaaaaa0aaaaaA
nhqisme
Anhcobantaydenamtatca
dogogokiko8052
quocanh11115
azerty14NEVADA
vtq17088
Dangphuong0801
hoangpham1977
Muabanvip1407
pozzchea168
PhamHau2000
Huuvippr86
phantanty
Pikapi6x
phq88
phongtuc99
Pdt1907
Hien2704
phuoqBs
PhanAnh95
noname1610
Thanhdz69
hnm120796
MrrNuth
NNKM2712
han1233445
TraderMilo
Hoangminh2k3
neunhubankobietlaaithi
Trisman09
McDonaldM
mjlo9z
mucno549
Mnjghjv
Tks1234
Luckyman0000
luhaidang
LiengDong
Thanh1331
Lyiitruc
LinhTri
lackkyy
Nguyenthitruclinh18
hshhwu262
Luxubu69
Longdeptrai24
Khyvduc
kojiro2304
Mrkaiba
Hgghgh00
Nghiababyboys9x
Khangcuteeeee
cllkvls02
khjnhg
kevin2pm
kenshinq
kynad94
kingducbui
ngumangu
Nganhh77
heeng
nddndifkd
tuan1659
tranhaz6
Hanguyen199799
haduc22
huyle1617
DeeZak04
duyneo
Dalton_bui28
duckon222
ThanhDeee
dongtienma
diamon1412
duchiep87
caubadolce
donghihi12
ducn22523
dungngn
Combatant_combatant
Chuo3
Tuyeneth
minhtran1122
Chhinhour
Thanhchung1412
hc0611
Caoduong
Minh2266
Buggy1810
bulu1993
toptoxic
Broherg
bunbu06
Nhi29112000
bzbsej
hongchau37
Toannnnnn
bibooog420
Datdzdz1122
Alexkaka11
atiemme
ducanh0111
Al91230
Anne95xxx
Abh134iiij
NgocAnh2203
Tuanchels
Nhoxx
abc6761
alexnguyenz
and3ah
namanhbb
hoanvuvole
vickyny
Nhokonvechai
Vvkhang
thanh2911
Minh88
vydb224
Ngocj3
Ahihi00
Phanv
Thuan72
khoavudabest
vantoan3114
Awkbunny
vandaigia00
baocong52
vominhchien
Dragonslayer202
Lpm87
Beervin
VANMY1
taolanam
tuletelu
tun_tun0
titinhtao
Tyler6789
bongzito
ThanhSang9x
phamsythin
longsangheng
HoanStar
stutigame
veasna187
duyphan2401
Bqurh45
Sextop1xx
haosangg
saipogendon
Smoknweed
Awesome789
Hongson18
Sadman9
cuclacsuphu
Sindinh999
LuuQuangHuong
HnilNav
Sensolong
dangkho24187532
d06052002
sizukakaka
SLAVEofYOU
ctamyza
snhhung
KingSown
ad1235678
so1thegioi
secret2010
Tran_Sh
qingbai
Pstyle174
qzt2003
LEVANHA
munchies99
tinhnhulagio
LEVIETNGUYENQUANG
QuyenYN
QManh
pyornot97
MrHMQuan
Snail96
Quyet199as
hoangmei
Tengg26
khanh16
qwert1308
quangvinh2811
ngoquyphu
truongtangquang
quocphong079
quyet47
Phatnguyen1411
ProH1121
PhanThai1
PongTaa27
Henrifon
polclean1
pop997
Tanphat159
Phongluuclub
huyvietcong
Phuocdeptrai1
phuong
thaopauu97
ph2883
phamhiep113
Pnk5399
Nhahongheo99
NioSmolim
Ngoc375
tinytrung
ngoctrang23
nvtd9x
Nguyenvant
Hoangmario
Natien215
leomin23
Tonyminh79
m1nhho98
minhchichi
NguyenDuyJP
Llllllllltttttthhhhh
makscure
LeMinh1709
Boy9xx
monster0K
Tanluctlbb66
LinhDan98
longhoang9788
nguoila2021
hglan2310
tl220
Lucas693007
LeHoangAnhTu
tuanle6767
Nguyenhailuan2001
LiuLiu1547
TyphoonGroup
DreamerzK
Darkness0011
latuan2908
Keepsilentt1412
banguyen0608
Kubizn
Khanhnguyen1504
Kakamekameha
kjjjggg
K3ldes
Beoka123
BongNoy69
kowling667
Thanhkiet543
kingntl
DuyPlus710
timbanmuakinhdam
kbeen
KimVandy
Lipkaan
Chef_kiet
Hiep113
khang123123
haiisme16tv
Hjklei
Hhuy22
harveyng
HaTrongVU
HxUCHUNHAT
hieuhuynh07
muongdua235
duytana1
nottram
Duyy99
ducthang_tt
Dangnguyentb
Dang216
hiendarker
Luffy7890
Duyhihii
diemcute
Drarknight
dannyluong
datdoox
canabisnhatrang
congbun312
tung21455
beoch
nhok193
Tamngi
chunchun5
Chatxxcophinhakhongshowtruoc
Lehai99
Caphe_17
Dungryo
Truongbui27
bhujef
Bin1506
thaibinh1985dn
avaanaaaaa
A_T111
ducanh123321
A0986017545
Huyenthoai689
abc4509827
aquagoatandblueocean
donhatanh247
Trivn122
Hancusut
lananh55
Anhtuan79
AnhLinh2309
anonymous0610
tuannaanh
Thienvu
athinhgold
heyheyhey124
vjpcatre
thangpr0vjpz
KhanhVy99
MessiDaVeGa
thanhanvo
lengocvu
linhcuro
NghiaLq1
HHahalolo
lalo1244
Vinhle808
Vinnyph94
hiiicu
boict90
binhlaodai
vietlaio
ticklishpeacock325
tbhhjbfgj
sonca247
Sylphyy
Hoangbach0110
sonle999999
Slave1979
thansex0000
Silence104
shizi79
hbh166666
Songseiha
VvbnA345
S4ng1008
Son6688
ditim
satosang
suing0126
Sksoabsbsj
shihichi
Swaransisen
SamulTs
t0cxoan
satthuvotinh
Balabalaca
Beobeo89
hungbe
Khang64k
Houzink
sondraad
mrsimpleeee
Phicongtre18
PosDoraemon
panci00
phib1994
peanuttt2612
poodiepej
posgatdace
phuoc1233
lalpei
phanleanhtu
PunchRules
kelpham234
hainam2903
Phamvanann
aaaaaaaa1234f
phamvandong481995
pawdeptrai
Cuhi0611
matdisudangcapconlaigi
Mahaza11
tuheo1005
phanvanduc1996
PHT0209
TiffanyTeam_ps912
Nhattrungheo
nghiadzvc
NTN_TNT
thanh235235
nguyenthanh180796
hainhan
mariachi420
Thuthuyyy
MrMinh1
manuni195
Mathiss10
HuyMapDit
munchkin258
likoing
Lovelovely01
traidalat
lasiu1
nguyennhoi
trapboiz
Locle123456
linh99x
Khoainguyen2706
Khanhmap21298
Khong1212
tuanclubnd
kdattt
Koorookoo
hhhhkkjk
nhuthao97
Kshxhcjs
kiemphog
kikiili88
nhaky69
tuan_minh
dienken06
Hondatydo
clementdz
MrTamSala
Li0nin
huy07kt
KaubuonviE
TVKho
haiq18081994
Haguty
Huydanng
hayacuteeeee
DucLB
DTP1211
Delaten
Datdp
Duong1234
doikhovl
Denlamnha
DriftWood007
hoangthuong
datpu123
TeeDeeDee
caubanh92
dmdam1
ConCuNhoNho
nhanvien09
Tcxtc12
Chanh1212
Congalete
cuadam
Congnguyen68
CopREAL
chatkailoz
CuongTrang31
ngoccuong1997
binthanh157
baophung2312
bat379
hakboyk
nguyenbinh993
trunghieu272727
bilong789A
HaSex1
marcow27
dskeyyy
A0939079767
Machine143
David0987777
Anhanh1986
avataloveyou
AFClon
ATam419
Lovingman880088
anhtheanh
ngocbaoanh29
nttuatua
nhatanhhhhh
meoconxx
anhdao23196
NT_Lan_Anh
Adam6654
vnbvnnhhvv
Traimer1
ThoiVu
nhuttoan
nct_voz
van_van_anh79
vivubay
vantruong234
abcnamw
congdvtn
LongVP
kietquay
Vutuan21
Langdu
LeViet2000
Pionttt
Lolun123
cytussss
daddybae
vinh2uang
vinh1910
vy0977680202
tuphan98
Vannguyentiendat
hovanhuan
Timbannukettien
thanhdz1412
khoasoi
Shakur6789
Takenstg
sonle0712
Shadowshn
seventeentitans92
songoskku
sereq12
S1mpl32k2
Store_420_SG
dthietala
Saviola338
Sondepzai123
nungquaemoi
seiko13
nvsy99
tungnunu
nguoitoicohihi
agcshinobabie
trieuld
swaggerUI
NStevee
SkyBoyN01
Phamluong7ctv
Kenichi88
congpham17
Tpkh12
hjkgffv
PhucNguyen19
ngocthu899
privateidinfo
pingping01
Thinhpham265
phuongly97
NoNameC5
phamkientrung
popobaby
nupchocolate
Nonameglll
ngoccute_18
tainguyen0306
Ngoc2408
Henrynguyen0011
huuhieu2110
mickey1412
Minhtiennt
Hoangminh98
MEG4NIZ
mycute9898
Minhhieunguyen0210
markl0919
Tu021
Minhizz
Leminh3112
ThieuMinhLong
Thanh1006
lehieunft12
Loser_2_Lover
lovetime79
TL5599
Lnttaaf
KPS_LeMinhDat_KPS
khaisg
king1998z
Dangkhoahanu
CumKim
khanh01
kuronekovon
Anhduy1102
KIEN1762
Catmeow37
kaioshin2k
kirizhaoyun123
TruongKiHao
Abcdysz
LeonSKennedy10
Kiss2106
KaiioZ
KaiNguyen4444
hoahihihi
hung_55
ncbn8787
huyytrann
DevilmaycryZ
doilaphudu
Hshzbn
Moubia
Huynguy3enjgg
danielnguyen1
LeDavid1
bavkwork
duc3004
DonalTrumpp
La12luna
dvbht
duhdjsjsjsj
Cuocdoithatkhonnan
ConCac
choisuotdem
cuongnguyen1994
Cu_Bo
thgscbnj
Changkhoka
ncc622
CZJbinkyadJF
thang1861994
boydepzai
Bimxinh91
bhgggdss
binh168
balinh69
BBDKKK
Nghiabanhay
Brosnete
nk0xk0z
ngo_huu_binh1411
anhlacarot
Durtycoins_2105
Anonymous176789
Nimhate
Tayck
huyvan22
ace4438
Anhtuanlc12
Aduusahd
anhlmt
AIMONDDD
adose124
anhdz99
AtoZ318
AnhThong2510
naidepzam
thanhtungo0o
Thanhmax98
Hihihisk
Anlam2k
Viper0054
hien2000
lukervn
hiepgadi
HanNguyenx9
Huzaifa161290
thangthangg
Anhbakhia2020
Vo_Danh
Vinhsun
LucTrieuVy67
hoangtugi
PhuTrongDao
Thinhnm
ThanhTai8899
tam19950212
mrhjhj
supermanTran
sora4w
Minh_Hy000
hipeople222
Asagi19
snacknt
alien2k4
tuan_kie
Sieuchecker
Byn077
bluebirdd
hoangbcs
sexgodluk
SAGASEO
Studen3292
saigonthrumyeyes
STEVENVENS
speyrj
ChauLuc7979
solnguyen
Sjjehducu
sbcsgb
chenghoulam
nhanngocpham
tylerpajp
Nhocquoc
pauleu0703
PoohTi
ngocsonkdp
tyhhh1467
monsierparis
longkhung1996
alikubinh
tom_theganjaman
ahihi_docho
mrdenkr
pandaucu
trihuu9
phamduyduc15
Nguoikhongtim12
treuti1
Nhuquynhl
Truc_Nguyen_NT
Tuannam1993
Thiennhat
Ngocvu199x
namlinh14
mrnobody42
TuTranIT
Maymay234
tranminhtu15
Tammao135
tuanhuyn
Den79z
thanhminha3
Thuyloan
leducthang
louisnguyen23
Lilikamu
tuannguyen76
Lenlun09
Ltnh123
lonbabau
lyinh
Ditmedoi09
Kiveanda
kynidol
khungloc
LostBoy0308
NeedSomeChicken
kkkkkk233
khoa6868
KDMVKMJKJ0
NhungVenus
taikizd
kieu2003
Trankelex
little_kid88
kenchank
kunhoccathay2019
kinkaz
KK686
kenzi2020
Mot_Koungkea
Keyllynguyen
harrycancarry
HiPFXS
huhonchua
HunterXxvv
nhannnnnk
hoanganh987
diego2502
tung_dinh
duykhoa
tieudaotu
DatBlue2002
dinhbanghp
dangthanhluu
DieuHien1001
Dungntpto
dinhtruongh
devilhell2xxx
HoaDamButBaby
Lekhanhduy2001
danden12
Nhinhat
cain1273
chinhladoiten
Nam419
linhcute122
cmnd123
chau123456
crailcaze
chubengoknm
comcom8868
CuiBap15
cocailolnay
code689
Cuong007s
Lpm84
Bo5058
Baohuy36
Bety16012002
Bamuoituoi
Bio_Nguyen
trinhbuu2003
nguyen_anh0904
aavvv999
an2311_an
devil4142
LadyKiller20
tuananh25112k2
Anhhaj
Doanhquyen89
Anhtay123
mhali1992
tunganhhoang
alvinandchipmon
AYYYY124
dat040697
Contemp1408
muoi222
minhminhzzz
Vy030500
N2vanh
Vietthanh75
VnHahaha
Chuong5525
Bjdoggy
bii219
maudam15
Laivu8888
phongvanca
vanthien03
Vampireazuka
Visio_2020
Votien0306
thanh_12
tuatajwar
chrome888
Terminatorvns
Skaruni
TUANK93
demsaobuon
ssbadb0yss
Meooo999
TrangGauNee
simplordd
Lord_Second
vukinkong
Superman1112
Saihentai
shynzkid
Baydepzai8386
Kounsokun
sang17051994
SPB_Dmitrii_Klimov
suboa23
namnkoc9875
soi002
Saulebong1902
Blizard000
NguyenSon_KT_248NTT
Soebxuv
TrungPhan
BigDisk
Skckkss
tommedis
skeleton6894
hoangthaiminh2
hoangson2601
KunSmile
Phamtuan7337
Philongxxxphe
physics_0M
phucanh121513
Muonphien99
Cudo2509
Phanom123
tanphat3009
Toeurn_Pheakdiey
Duy123hcm
phucdann
Popy980
KinT24
Penglong4444
Neekomochi
Trucngoc1607
nizavara04
toanloli
Newt50
hanguyen4793
tomi2908
Mrken25
minhl4
HynhLam
hauuu6
mylinh9
dukkKkKkK
nrulto
Maiansew
Toanle1308
nguyentailoi12345678
trantrunglee
Luckyboycute
leeggit
Hoangtubangja
thuylinh202
Huykappa
kiennhi
Khanghuynh1004
KenLaMOon
kilkerlier
kingdarkorg
cubo229
kennyboy125
DoukRasy
Khuukhuu
hereismyusename
kieileo
Khmer2k
Kimmochi69
kaidtn
Khoale0210
Huii2k
Khoikhong
KeeSociuuu
Kuleevn
khoapham1
Huyle34
thienla
Kianqh
trithuc0909
tthieu96
duynguyen2011
Duy858566
tonydo87
Douglassdgsdgf
Dnnsjdjck
Haiduongphu39
Leegermany
Nguyenhuy91
thinhnat0
duyflashlight
dk9987
huynhtructhanh
CorwinSmith
c4ub3r0ng
Loooo01
TraiCam
Changdeptrai
BinZett
callmemenwhy
tinnghia47
Huytrong888
dacap34
leminhgiabao
Caheo1210
chaymtm2
binnn12
CuLuonq
banca6789admin
linkclip20
bttt19
BaoTramng
Nokia_black
benhu2002
ngocba134mk
Brosak455
betkham321
ThienBao1992
TranTai_Aptechs
anh2410
adubkf
Tunglam2708
alo123456789
AnHuynh9682
AHUY09
Azukaaaa
atula3110
A14670
Azn_dude
antonioblue
anh030999
anhhuy27
tvaughan1
tran_audi
Arthur170
Binhan92
Top96tn
aglx33
dongoctan
DuyAnh244
ndtoan
Abcabccbacba321
alanyur
TeeeTeeT
MrT01z
NvnPublic
vulp1991
chrisvo15
ndthai20
Cuthoc1
hoangvu420
Drhalu
viethayen
tonyvu_96
vanskata
vthanhq
venom98iam
Binhfan
vuaconne
hai89xd
VanPhuong2604
Veminh
Ponmie
havu1011
ttaazz17
thoanhu
tist68
BeSua98
Mma_pich
SS6886
HengZmile
supo1994
Daizaphonui
BATMAN_SAMURAI_2000
Kahshdnd
sadnessplus
Slambok
Monster_Cat01
Sycxdhjjhh
TamMain
anzhekub
Saorands1
Parleytung96
sieuhu0966
thor_suck
Sea191192
ShiroNew
steven111222
NonPvP
soidem198ad
diabloo001
Supree69
Sat2411
Mammbooo
bibibibibibiaa
CannabisPT
Peternguyen22
MrPuntin
ngocnhi184
phamda
primesk
anhyeuem0
phucnhok256
tylerok
nike2176
Philip9798
ptt98
baoobaoo
TenChut
Ngocminh_17
Necoine99
namohlala
NTa28
taquangnhat96
thanhbao95
minhld252
Mdmix197
Bakadhwz
blade0612tc
huyennul476
Mytiencute
hqb6826
Maxdark13
m0nnnnnnnnn
microlap23
Mrlinh18
thisismin140802
MrTienDat
minhphamtun
Bg98bun
Larisa78954892
luxubuconcu
LinLinhh
l3oy247
kei3k
hoanglai19
kid1612
kiddinguyen
traiqueconnguyen
KT0508
AnchorRoy
kien9698
khanhde
kid1410
AndyKoi
kieut1
Abcz098
Hiha090807
httpstmephanthiet18
haonam889
TrungDung_Hotline_TV
Davidsonk
ductrongst
HDTCL
tinhlagi2011
Dakin1015
Duong139
Doremon0123
daothaolinh
Caiginhi0
Chimnonbadinh
curiam
huangjincheng28
dugcb247
celinefaract
ClyburncLeoniec4840
bumpppppp
binhchu
cathunter0
nguyenchicog
hsxxx1
Thinh30092002
lubu91
Beo94940
bibibiiii
BenjaminNg19
binhca
Bobby09120
taihhhhh
tofu1009
TongThongMy
BinhSoaiCa
bdndu
Benly18xx
tonytai15
Ducanh03
timnudamdaknong
AnhTraiMua69
Thong337
ananluu
trxz193
tugia
Anhxoa97
AlexN2906
hdbvvvv
ameoden
Azzdy
THAIAI
Nervfkd
abcdmzn
Abcccc9
anxa150
AnhDai0011
BeeMochio
Kitttieu
VuTranMinhTung
vanchien1
Pretyboy9x
vienakaki
hoangvietneeeeee
Vesik846379
Vanhanh95
duc_ace_me
Vitaminemy
Nobody567
tanikr8s
vietbinh1992
Trinh90
tuandtyec19
Tikas123
ths1022
shuioe
sskk16
ChiPuPu
Dranzers
Slym0
Phan_Son
Tiensinh_Sach
snackcatw
Limmerlim
shiki_dana
daalmao
SadPrince01
smitchac
suonbichatrunghotvitkho
Saizanwppw
saycao113
SlJay
Stepccp
phen167
NhatHP
sunshinewesternhealth
shsurj
sanhdieux1
Sieunhan76
Sieunhan999
success696
abcdefzxjsja
Snoopy246
Strangewind
hoaviadao
longvjp
MrShinKute
thinhng151
bigshigh
Minhxinma
phucanhminh668
khiempham2002
duycu123
PhamHongAn
chelsea0311
HoangPhan2020
Prochiphinh
minhling9x
cphong1800
Datma2110
haajb
hoibiden
tyguy96
kenshin26
chanductuan
tuanlee22
Bunonot
nemuca
tuanng1712
nhmthuy
Nhunhu99
Michtori
minhhoang68
bundz
Masonnui1
mrthanhtit
Milf_0Hunter
Hungngo89
MrTeo20
minhoangg
maahhhaaaaaa
Mnnaas
T0963894194
luan29503
Mysociu
Tequilaconlime
thomaslee244
lumlua99
huyenlao
KuppyHo
KentKami
Laoquy
kha8777
kenny971997
KhongTen1202
Hkc135
lee6969
kumui123
beggarbg
kennythai257
kush4l1fe
Kira1023
bigkhoai
huinguyennn
Hoangquy2369
harrythanh
harrytranp
huyfwb
HangNga85
Hongngocxxx
nhokivao
h0833904872hhh
DuongBui02
datdtrizzz
DONLONG6789
damdam234
Daryl1212
Namdavid9999
ductlv
dasty91
Thanhdanh346
daniel_ngo
lehoaiduc
daiuse
hiahn
dieudieuz
NguyenDat6969
ducduc1993
DATDH
chrisnolan03
Caiconcac123
comane
Nguyencuong0111
Cutecute99
duongtool
Cau2abc
Binhnam9x
DungQuen
Ngochaik2
CVTEric
conghau1511
thumilano
caunguyen
canhnguyenlk
thodancuto
cattaleyaz
bullettrack
Nasty_Bin
biheat
bbbean
baoduc3006
borasmile
hettenhay
BaoNguyen1611
cauchuken6789
Alenxender
Boy_18bn
a02836
MaiAnhBaooo
andan2101
ajhfc
Ajau93
nt_an03
bzmanhn
Abcdxyxz
Hao2011
baoan79
naviii666
HoangLeader
haova
Ahihi999
Theanh69
anhtimem2020
chiepbox
telagram1234567
vanniem
vvallo
vanhvanh94
vanhhh1109
vuhoang10
Lacbuocvedau97
AnVo8x
Vuroses
vghhhvvghhjj
dukevupro
Tappv
luuphuvinh
Nghiavip
Be_Vova
Kunshjro
vinhxvinh
nghiepp
HoangViet85
Dinhvi68
takashija
teotungtAng
Stingdau
Sam2612
BAOYE0
VariousSea197
mnhsngg
Tomshelby26
manhseven7
binshroud
sss2xxx
SangKung
tiktok269
ShivaPN
Stayawayfrommeyoufukinggay
Siro107
banhmibosua9x
HoChauHuy
sonnsa
vansy1105
sondinhson11
spidey_482
Sunilgangoti
SHARKKx
Tuanmrnndma
longnguyenprime
StNguyen
dohuythai
Supprem13
Shinnk
bababa885
Agengenit
stevenbui117
Nang11
Silamvn9012
Sontruong96
soberrs
Hieu2
clickbeex
Secter77
nguyentienphuong25
Peyeu6701
pastoraloo
ppinpgg
pheeeeeeee
Dany765
mamphum
P1032219995
MrKidSG
tonypham171
phantomVIII
Ptiter
Hoangphuc514
phuongtiena
Trung18290
tuannhatn
minhdien1408
Mr_Hipp
Megasock
Mytien012xlxx
matocdo79
baybihot
mjssty
Mt07373
mumbaixz
MaDuPh
LeMinhhgbkd
mafianatk
nmltele
myhanhkg
Nam_ng
mhinkg
lethanhdt90
Lucas221
nguyenlong315
LongCuLol
longnt52
NgocLinhz
lost_123_lost
lovehanoi
Tuananh19
Tl151
hicuteforyou
Leminhhieu6884
trinhloc
LongOc
Huonguvcl
NguyenLam98
lianaile
lamlm
ksgbsnsss
kutuan223
Kiet3107
lijun6254
kek0tim
khangne02
donald1408
kyoawoay
Kiettuan96
kluskul
kjnjchj
Man2195
Kush555
k3ikun
anoyin
KID1412ZZ
Khangtran1106
kiera2809
ka1999999
Hoangtuan
Huyen1107
hanhatthien
nhan126
hoaituan993
hsnfjdkmsxmks
LeNguyenDuyHieuDVFB19
duyle001
Datle2101
dragon194zzz
datontien
Dang1828299
daylaaccountfake
DaddyNgoan
ductrongzz02
dgp97
Crazypop232
MrCyDg
ThienNg1212
d086515967411
Davidnguyen24
chinhmai1
dumavietnam
Cutooo
Cuemq
Calloz98
CCCCTTNN
Caption9420
DuyCuong300498
Ticui98
CaoCao361
DrBee199x
chris_nguyen201
nsnshxnen
chiritoji89
hubahubaa
hhnthrht
Bongtoi
br34d4ndbutt3r
Thinh21
black1130
ladubaforex
bababa1100
baobao9719
Nguoibianx
B0y999
buzmik
hoanganhv
Tichxuan
adam_lallana_1997
nct34
AnhCu8888
KidAlone
abcxyz543
Ndndbdrnbr
AMoLaHo
Vantuan639
Thanhvu15
vip000009
VinOiVin
vuvananh
coolerrrrrr
BaoVydayne
chau_vp_88
Alihets
VinhKyIT
Lenghia12345
Teo09a
Thnhs
Vu00001
totoro30
sonnguyen0210
Adam9412
TomatoSze
SkyeGeorgia190
Clrua
Saint41The
TungTung505
sansan56
stmax2834
stevenyi1992
sky19961996
beobeo3297
phamgiakien
phamlong1234
Paytanclard
Ph97h
Ptskid5196
NguyenPhuongDuy2k
Phong0410
Dwrafer
phungcong
CLGTN
pipehan
Pleiku81
Phamnguyenbinhan272090937
phuongez
aupro99
phatquach
phepha6789
Longreal
minhpham246
magic_paints
Bibomber
pinpoy
nguyenmaitrang
mikem1804
Moysps
Heyseri
nameless12345678
mitoo39
mavelzx21
milonas
Neot87
horrw
MrBean1010
Mervyn1104
Meocon17_11
Minhtrong140521
Mesi162
nguyenloi124
Luch72hd
lazylazybabi
Hoale213
Lehoan721
hsbnny
TokuraNo1
Linnn0899
Lubuku
Tai2306
binhkun
kunkun2101
tuan123
KhoaDang0021
kukorot
Hung2901
kevdang
KieuLinh1996
kii7061
hoangpar
Hunglon234
tqh7786
DuyLe199
DongLe97
Dhshsjdndnieeiej
dusk0212
babon789
Dangha8386
duonglee97
doanthao14
hd1708
taikhungbo
dangkhoa
DEVILSLAIDER12
daniel1725
defilux
DoanTinhDuong
DickyTran
Doumanion
Danh1603
Doibuontinhsau
chloe7645
lqcchinh
Tong0837256604
Cainguc
Hungph68
Caubadayne
CongHung510
Thuccong1992
ttoorg
congiolaa
MTC003
CONCACUTE163
chican1ty
binedz
CaoTanPhat
Chocopie1988
Boy8820011
nhuttruong77
Baootoollazy
BroLim010
bieboth
bsisagi
beotoxic9x
Bobo059
lighzerbuzz
Basacer
Ace44444
linhanhxinh
TaManBijj
Alonsodav
anhtienchung
alrbx
adken2021
AnhHoangPhan
dgrayz123
Anycar_LB_TVBH_TuanDinh
Athens010
Hung_aa
TheDivineHeir
AdamB52
mrstork93
ahihihi15
AlexLuu134
Az091305
anh2ol
Thedinh593
Cheacha
Tanviva
VinhOke
Hoeng_vieg
vuba79
Duong750544
Phongvan25
Binnam123
Long1177
ViAi95
Vannreach
buonthuoclao1
vickybug
V09868
mr_nghialtn
KimVannak
vovivivo
vietnguyen18
vang4321
trangtrongtrang
Thieny
TPzgenji
polish12234
kawasaki800
Nyctophilia1102
phanquangvu
phantrungmov
chongfuu
PhongKar
khai2613
PaulDavidHewson
hunghipz
hasagi579
Phuoc100298
phucle0906
chippi11
hoangphuc1309
dphuong0701
pfrog271
Beelzebub91
Prowei9637
bongbon9
dthienphu
phanconganh009
n35hp
MENINTHEBLACK
thanhthai98
dla1998
Nguyenphuocloc0402
Ngoc21899
Nhokkenby
Manyip
minhthuan123
HoXuanQuy83
Trucmai122
minhcanh96
mrduongdua1102
mekas001
nnmbl
TinnyMi
mendennn
Huong99999
Michaelden91
Tuantt09
mrtmdpro
Manhtuan1234
Hoanghuyenvu
Mobbinggg
minhvo33
Madhorse
Minmin141
LucTran95
ludan12
namluong2211
louis2205
luannguyen1226
louheng
Hainguyenduy01
lamsaoday
kublack6789
kutoan
kevintr614
tiyutyu5678
Kakalot99
KrtHelios
kangta1512
khanhvumanh
kea_09
Nk19194
kiennguyen25
Binhus
Hieuhp
Nokillkiss
hunggcuuto
Ducle88
thanhduy311
Thang_dangyew
Dattrinh1702
bigtiddiesmilfs
ducchec
Longdzz
LvRoofng
Tung_Do
duynt797979
Tuandk007
Hoanglbuii0517
DoanDragon
thaixu09
Danny0231
Datdady
thanhduy2205
CSKH_88Win
chuckkkkkkkky
ChuCongKidz
Cryptodelicoin
CuBimm
Duykhang184
cocolong
lazyboyvn
czyrazor
TomChjnkkk
tuancodon12345
Thaibinh2018
haok52
HoangNgao
BaoNG98
bn8476555
bonbon1201
bynly
baolam88
haihatbb
Bentre0
LamBaoaaa
Baobao102
HeardBaft
AquariusKG
djjsiwiiw
Alibaba1836
Anhten
ammo39
hoangan1904
HoangTualibaba
AkkA12
laoamdo
Linhlong69
nguyenphu66
AnhNice
Aloxinh
anhung1999
AhihiTeu
ngocanhne12
andytran1196
VthcmToanpv
Thanhnguyen47
Vailol
vanduy23
Tdabcx
viettd1511
Viet77
Vuhoangantony
KV187001
vietnamcinghoa
AndyTran710
levu2506
vxnghi
VoHa2710
vanlanhdh
dao309
VanTinh
VMT00
DINHAI
today210421
trollbz
Thanhthuy11
Thanh_Thanh02
AreseKury
phuongmai9x
Phuongttan
thanhtoknguyen
Chianh1110
haupham99
phong123xz
tmkhoa2211
toilaphucday
popopopoddd
lilpumpgucc1
pa3tree
Phuong2786
namphong123
peterparkernoway
anhduyphan
thanhphuc201
ng991
Kevin_Kyo
Khoai_lang
nqh888
Navy2607
Nhattran075
thichABC
NguyenMinHp
masterkid111
nonohp98
MilkyNoLove
minimumjk
Nhan2k
LEGACY100
bomayso8
bamap2311
Nguyenmt95
meihsane
Mimi133091
nhannguyen92
mythichzie
ngminas
lethinh28
Nhanvi123
Lynkey123
Loinguyen610
Leoneldo
LmaoEz609
LucasDang
LeeTunAh
Luong1999
lamnguyen64
long343
Linhlinhhh
Khongten1231
khanhha279
minh896
Lamtamsinh
LsVirgo
koBietDk
nina10004986714549
Kamjkaze
Karataka
Halopro
Mk26653
kevinyan725
kakurami
kevin1256
khoi0931136769
hiddra
khanhld
Khanhzzzr
Haquang989
Huong2002
Nhuke122
Novacdjokotoet
HenryPz
Huynhho1999
dongdnl
dongvipro
ditimcaothu
duylinh2017
bahuy97
Duchuy1
deathshot1103
Datnguyennnn
thdanh
Truong18
Cecjay
nhatcuong009
Cuto2m
CrossZM
luuducvuong
cuong5512
ThanhHa44
NON2K
conchimnon123
HelloNhv
Benz2111
Baoloman
NONE7179
hwisbbd
Tlangthang
Bugtran83
bl2ckh2t
hfjfjgkfk
Brando1St
Baolebao
hahahajehsh
alonsoxab
Anguyen132
DuongMaDai
abct39
anhkhoa3006
Annanguyen000
Abcbd63
akira_nguyen
anhtruongngo
minhquanprao
HoatAnh0401
buianhthygk2001
ahihihi2
Anhdeptrai0908
NgHuuAn
Ai1605
Nvhoang2k
VIemlagio
phuong1003
Doanhdoanh
tranvannam98
PhanVanTung
tghkg369
vuongvuive
Votungthanh257
darrenvuong
abhucz
vinh1684
trai1230711
Thang9191
takennnNNNNN
Phucdeptraii
Phanhanh93
LoganH19
PhiDuongThai
laotieutu
mimosaka
phillipsphung
phongnulo
Thien2802
phongcop
bb2907
tunganhpham0102
triphai
Thephong379
ProRayuth
Pdt0777050008
ngocthachh
nguyennnamm
tamtieutuy
tonyKvan
mafia6868
Maiteo126
minimy23
mlem1234
mrdarker001
mikelee993
dongochien
mrkhanhip
No12567882
mrhchannel68
Mio02281
Bamboo123456
dz608
leminh1102
Lois9988
Thahlong
LeeRb102
toiyeunuocmy
Leoneltrung
lee97lee
HzKanMin
keshiharuki
Kienheo
Minh2503
TayTang0210
Kentran747
dklh1812
Kogisa
Baybua
kenmax2
Knm8704
kujiman420
thanhhuy2k
hoang7899
Tranghaha22
hoangnv93
HuuNam
haubaylac379
Ducphuc2580
Ntt51
Tiendung03061986
duongngoc
notdat09
thichcuala
tungdao
tokudamana
dophubao
Dangthach123
trandinhnhatduong
thanhduy910
duy1910
Hoang0202
cutehakura
c1di99
chichxagiao
Crushese
Canhnho99
cazycat012
Chungnah
darktc
Chyna19
dung1
congtu1990
chanpour
Cau3Khanh
longcoi
chimcontho
ChuuAn
huycuong2k2
thichbuitien
Beelik111
lilavocado13
Bill203
Ngoc1293
Toni28041994
Tiqic
Boyfine
Betonamu69
bdd678
Bryan1731
Hoang099
Namanh95
NongDan99
dha2223
leanhdien1995
alienmother
ab7115
acd872
Alikuxac
Luuduyan
A1fcmm
kejljnjjj
changchang18
abcc090
abcdatdediia
hnmk8
Viboo07
chodienxalo
vnslllla
thangyrrun
VoPhiDuong
Lovettl
BigKoom
CuongCoi
Ladykillah993
Valkys
haivt2406
ASDFDFGHGH
vhl_l
vitconlongnhong
Apus_Vu
VietOzil
TruongVan0411
budhapest13
Thangcandy
thanhtrung6966
hoanggia99
phunguyen159
KuTeo1
tony_pham_minh_1996
HPhong_92
huyle2k4
mavixlous
PitterMen
an9aprovip
HaPham510
leminh183
phamvankienkien86
camxanh
Pearl2338
Phong7286
leechenlua
Phu_2828
Polibear
danh2104
Hoang17398
NooCon
Tempobzz
Moskovtitz
mrduong0000
Modz1102
luongmanhduy
thanh12
hoamyvn
Nhandjmusic
MartinNguyen102
mangkutcute
huuluan97
LDNone99one
thuylinh12345
Ngoalongdaula
lonnnnnnnnnn
lqh001
Tipassss
Nhokluanhjk
TaoAMen
himss4u
kiritononam
loki0299
nhiem1
Kaze133
traderhekhan
Kwanrith
kelvin_tran
Dangbakien
kfh139
KienPT_246911
NicolasTruong
keodua
nguyentnlien0608
KhNguyen17cm
Hoangvip
headman9xx
thuy04
Dat1012
DucksHunter
Doanlong123
NDC2104
dd1234521
DANH2003
dunkceramic
Thangdoandinh
Thaibam
Duong_3420
ctmtl2
dqv14
Canhduong03
nvchinh
colonhes
meowut1
thuquay
nobitagh
cam097
crtin275
cocainit123
Chiyoko
Banhhbaooo
nguyendinhkhoi
billytran0211
Bigkidlegend
nghiq
heo_boi
beonek
HiuHiuz
hoanbe
bacthoho
Tlove063
Nhungloidoigian
aladin123
Artsrawey
letuananh95
anbau6886
titise
Danganhdong
tuananh2222
aiduongduc
mavambojr
anhhani
NCKTxxx
minhphatnguyen
nimelia
ANDYNVT
hainguyen63999gmail
ahihi098
DeepseaOcean
Anizonn
vht2502
khangngu2002
T3585
peterftw
Hentaizz
Lambkdn
Haols1122
buffalofly
Vengly017
Tranvandai
Vitamin899
Longno1
vungvanvw
Mhmhm134
vanphuong060193
trandoanlc94
Cuong30121996
Tungao1
trantu2212
THA_7999
tranthuan47189
Awnbus
khoiphuc27
PMHH1111
pmpger
Minzboy
pablohasbullah
Mr_Loccc
Phuoc1999
NamVaPham822
NGUYENPHUONG999937
MinhDuc
Kasato1
tlpake
pdeniss
PhongTran85
medanperang
phamhai1996
Pierresop
Phuoc
phatthanh09
DiepMinh
P3PEee
luan0791
trunganh1
dokie68
phamchinh
NguyenTrongTri
Nnmt223
Tamnho20
Loxark
ManhDo
binhnaito
lqh_2000
MrWinzzz
MrBELL1011
ttqminh
mzllan005x
Minhpro323
thaiminhtran
minhminh9898
Mahoni22
Boyylee
Toanluat
Ngoclan96
LocDubai
nguyenloi0977693579
loinv6688
HaiLong2510
Huythoiiii
thanhlam995
kysubuon123
Kumon123
kupin11
HuhDeeDuhAmKha
Khangbayboy
Knifeblack
khoamaidang
Kenzzt
Kjins
khoinv
koobeti96
LionKyo
Kotreno
Kings001100
Huy555
Tretrau111
Hyhhh12
huythanhh
Hoanggggg
huynh1812
Dieplinh0
nhatuki
Dung1894
Timdxd
deatboy1
babydriver1234
Daisysarah
Taiduong99
nhatduong
Dream260909
Ductran2209
Cconcac
crownhai
tuanduong041120
ChutichX
minh_ca
hnahk2908
Datcoconcac
dactriho
Codontrongdem
c2ThanhLam6699
MrWind19
Chhunnat
trangias
Thaica37
hahahihibi
Cor1410
Bicon08
Tranbenn
Huybuonline
Nkbhhhhh
HVL7495
beobro
haclong18
binh0000n
baobei333
tubeo98
bluesky2711
Tian_Baoo
Bibocd5
HaHa9x99
maxmta
Mionja
Anhtu105
lyappleservices
alert19
Abcxyz1369
AkillViettelppppp
Concube
Alanbao123456
abcnguyenbmt
alexfor4
ATung6888
Anan08092603
Atermis
Arjhay20
allcmopaper
None1023
tuannn96
mra98x
LinhThankk
Asskun
bemapcute
cfffdsjs
abcdxyz083
vuthehai211212
Vutrinh1991
Vitalik247
Vanzuzu
NguyenVinh95
TeoVoZ
Truongtyv
tuantrantg
phatdeptraicuto
Khaiphamm
Nhan2019
phannhan260388
phd0594
prehn00447
Duy_Hennry
Penguu99
phuong2k
phlong08
PainNaruto
Drluantx
Phuongngan123
Kentucke
tanphamvn77
thanthanh12
tungtitz
nguyentin1994
NguyenThien1818
tuongdzhihi
mydamdang
humanokk
Donmindl
Mnbbbbfgfg
hauhunghan
Mingming502
Maitho97
luonobenem
Minhdat2
Mingtu18
Munblack
Lee_100trillionUSD
Meosamaaa
nguyentienmanh91
minhhayha
Hoangloc2003
linhdam
Leplay0207
tula46
henlyk
LIM_Kimnang
Kilnn
Khang2609
kyledam027
tuankiet282
nhokkio99x
tonyjsjs
Koudio
heliosx092
leopham851993
Kungoppa
Dk0137
Khainm9999
kylen9528
Kurporious
khuoudjd
mlemmlema
nickkho95
LKLam
DuyKhanhNguyen
Lem0nT
Kusua91
Mrkimbatchim
Hhihiname
Huyne24
HoangDz02
Dghdhsshs
Ducluan90929
Doraedat
Duyyyy12
hiko_dong
truongtrongduy
Thay_Chua
beou232
cc321321
concac123456
Camusda
hoang3409
Tranlong255
Bbbbbjgy
nguyenhibe
buncua123
longthanlk
DzungBao
BeemoWithFlower
BlueDemon06
thuat20062001
hfghvcdfg
Lambi123
BrianThompson90
Bigcook18cm
alexNguyen
abcnoob
AnhZzung
areyoubowan
Abc041183
billyhamham369
anhcru868
thaki
abc0959
DanielDinh
anhnt2309
tieuan22
Abcxyz2662
bipper888
Ammaola
anhlam1204
kikijdjdj
Ash77149
Anhtuan1998
andyyliu
Leon160495
Antran141
amytran66
aznem999
Alexting
tynstyle0709
Bmlee
trongquy2001
Amoning_Lucifer
phucthang1402
puddint
tuanphat047
Thankiem193
Tai_BH_37
Dinhnamphuong
Kietchau1226
Phamthienn
ThayPhan
longbong27072000
Thoaitra
NBDfixs4
ndn1007
nats2001
ngoctrinh8888
NgoThiThuyNgan
hiim_miin
MrPoor102
MegaMan098Love1
mrvenom8668
hoangminh7997
mocmayman666
Lorenzo7972
Misenqu
nhandt2k
Minhsexy
michael09090
hhhuuuugg
huan11
NBLam_97
LMDuc92
NguyenLong2000
haily94
titrang064
longkble
LongThanhDongNai
Lazzy_Trent
thoigian818
koller0114
Kitgaming
ktz12345
kenlee162
Kurama6x
KingLek
theeskyr
kutin123
kechoabay
Kyunnnki
kou33
khuenguyen
khanhngo2303
hoang_kie
KhoiLuong
kongsieucao
khanhhoang1
hoanganh4dk
Triquynh
hungv
Nam19990
heaveb99
thanhtung20ii
luongcon261
DNHieu
Dangvan
hd201295
dangdung1412
Duongnghuy
Dothai69
tuandunguit
Dat235
leed249
Duchoang819
DDuoo1
Depxop
dbinhdoubled
DH2099
dangtruong1991
Dat05
canthocity
chuvietmduong
Hoconnn
congtu6688
Chienweo
chanhtuoi
CheegeLee
chenhleang
Mikeleech
huy534
custom8390
nobodylala
Lychoi69
NGchien197
Tnzcf
chauchauchauchauchau
bachxinh
bangantran
babyinthecage
Besuccac12
bobibu1090
thuyanle
nonam20201
Baocut
Bakyky
Bunchhek188
bunnie1011
ducbooong
hieubuzz
NGB_03
binberry
Badpisces
Anhmao123
nguyensya
ab0909146858
anhcuty
Ailoveyoutea
Azimuth9989
Crosshear
Anhkhang84
m4dclwn
Anhanh010
hiaha12
anhdepchoai
coicon9x
TRANANHTUONG
tuanaanhh
NguyenDucAnh
ahihu
DonalD0700
AronNguyen
bbbsehdh
abcnd
Missyou1234567
arsicer
Thuthuyyyy
trieutie
phucngo2612
Promiseb7
Peterpan1999
davidnd10
phuoc997
PuBgALuan
coung
peb1108
AnTay84
Pkjh158
tonypham568
hoangphong1010
tien3848
Phongphonglau
nguyenpham261
trongkaka195
ProtectronBot
Taidnfjf
NoobTa2005
minhnhat2017tn
Mak3luv
hamanhduc
TMD1992
Baoamh
dinhtran77
mezzoforte777
lemy19
Mikey01
mick2810
thuylinh891
minhnhata
BachMa35
Luong_Tung
MinhTrivz
hunguyen
TrThanh0102
Long111217
Tongvuakhit
landong2k1
nhanle854
kidio0deu
cfhkuani
Kang2lee
Bei_Kui
Kisss12349
kelvin86hn
dqtran82
kiddle19
duckajbd
DrKeight
kamalaza
ktp2267
hpqn9999
kenekvie
Tizkay
Cu_Li
drkyller
Kimyungnam
HOANGSINHLY
nguyenst022
TuyetHan99
hahoang0104
Ha17062001
HoangQuan0
Hhihi1234
dunglaocai
luvtopmk
duy1811
damlinhpk
trongduy0905
damnu
ducngu
dddarkdevil
doandoannn
dyulei0406
DrackHale
dona2304
hohoangdanh254
Big_Dragon79
ducmanduc
Needuj
Dante_2033
Caliboy1111
Manhdang95
DanLamChu
trantanhvu
Chillchil
chutuoc
cfduata
chaosuuuuu
chales00689
congacha
ChuMinh98
Heleluya0
Tnctrung
cao_hung
civic0259
CdsTk
Catalitic
Cunbaby
Chhung11
Huhu79d
hustlq
Hungcm
dinhngoctan
thuongtkt
ain070
meowmeow02
ngocanh1994
anhtuanpro
hung_anh1
MMM1122334455656
Abcdefau1
anhdung99
Anhhuy007
AnhBum
Tuananhctho
adreeea
AnhBinh89
Nobody113114
Abczty
ngao295
Tran2002
Map1028
meoden1112
tudoi11
ngocm74
Mannngg
Mokey1992
minh_0000
nonamess1
Moujun9999
Moonboy8866
naulogn
lehungtran
Lequan1502
lizennguyen
ThinhLucky
Lam2108
Namdinh25
kingtoc
TungHrD
nachosvow
KevinChung
khongcoten111
kimdiento
ngocclaan
kakaoo9
Nkn991
kat0p
kuncon
khanhtrung01
kutiedick
thangnt1988
KittyHawk1412
nguyennkhaiii
Hero123355
hienvinh2002
nguyenhai4001
hoangtrung94
no_nameeeees
Hieule7
duylong1338
Datbbc
Tri_1111
haiphong1102
dinhnguyendn
hodai040692
Dailycap2tphcm
trung_113
duongnam1805
dephoanhao
Ngodinhtuan23
Noeboii
duybach5401
DeGIi0
Trieutulong111
cuongnguyen33
dmcnd
Chaiensg
chuatebee
dmmclmm
culium
Concacdamdang
Chau0707
CamCTH
chuongtnt
Boy2k1mlem
nguien_nam
bigboss5554
bena2k
Bin303
Bombeoz
Trangtd
nqdat
Nhan18t
Luong_month
tryngg
minionscream
mexic0888
midssa
MinhKha1997
bitchkoyo
mcmccmmm
banhorion
MDG45
Mapakleung
MD160991
martinmoonchan
mrtonl
MaiTu9
Ma46id
DNKiller666
mrtess
Manle09
HelloMrT
dat2nd
luuhieu1890
nameless2712
Tuanlongutc
HoangThanh79
ngjjiia
thanhhaine
nomoretimeforme
hellloman
duythang12
dhansan
Doremon7799
dinhton12
davidchefs
MrCoibeo
caothien0109
Cbckvn6
coco3110
Tuannguyen9290
chaien95
Baohung
totaltaken
binbin1710
tilong88
tooleth
hungdzp
dockillboy
huybinh2705
blue110899
Teo50cm
tokuda11113
tuanfish0905
thanhbui1995
Tuan1609
Nimpas_54d
Namgialai0806
Tien_Tau
noname4477
NMN6197
meoizdabet12
tddarrow
ducducminh
Michaelrin
Tammaxx
Minh999
mayditbaria
Mjnns
hshshsnansn
min4747
tuyhongnhan99
mahzbakkkxkc
MQC29
Manhh9
meikia
huynhthoi134
higugugigu
lzjian
Tungajs1
Latieudau
LongLeo
Linh252
nvvll
tay3lo
ThanhHung2004
hesmanLG
hoangnam2
Hiiiihid
HIEUTHUHAIO60
hellyxtelegram
dungnguyen272
DeXyd3zz
datralo
Tryyen
trannam965
daothienthan11
dum20
DUCKMANCUTE
babeyboyya
david6a30
namdo2
Handsome_Boyz
baddog94
nct30901
lebao9724
titeoi
bi2102
Baoquoc995
bengocnam
Birusu7
Ncuon
Boonytvi
tuanbuif
totochon
TTHang
TomyHuy
tihyo04
th2596
neyyne
nhat123321
thienan95
Mdldldl
My428
Hit_man12345
makunnguyen
monkey565
Mishellow1
MrNTN
Manboohiepthua
maxtuynh
Hieu000
Datnguyen310101
MinhLD
duc758595
mnmnmnmnmnmnmnmnnmnmnm
Nhinabc
Ledai123
minminsiucute
mrafang
nghothla
Long96
Leang2020
luu21269985
Levanlam199
leebeuuu
lucydreame
nolewis
lehoang190
Hoangdzgg
Tienkiller
hatakekakashi2011
nghia35
DT1996DT
duonghoangmmo
nohunho71
LastDragonLord
Ducky38
doranldo
Darknigh4479
Binh2002
BlueRos3Guardian
Longbong06
bmltx
Bangnguyenak
batrong1993
baovuong98
behindzzz
Binzen123
Ball03010
bimatandanh
boorin157
banhlong
Tancuocchoi676
TT368368
thanhtuan01
NCToai
tomnguyen0000
Nuhonnhatduoc
NPN96
hieu113
miluuuuuuuu
MajinBuuZ
Miraee05
Min_min_tran
MagnusNguyen
lucdinhluc
huyle307
Hks79
lackygua
Lyplus
Tonygudboiz
Heathy07
hoanganpc94
thstuf
Hidan1
Truyen12
Ththth125
HBGucci
Trunglelaw
Hoanghontim
namn7
Linhdieu1201
tando1987
Dark269
duyhight
nduybac
DuyLePhoto
doremon_1
TrinhTatDat
Ductam2308
Namspeed110898
Dzozoon
Buihieuqn
barokun
BenNguyen34
Lungmat1985
baoboiboi
Nchibao1221
binhbongg
trollhet4
T785588
Nguyenkhanh1995
nammnho
traitimden
khanglam08
huonglanlol
Likimtung
lelelelelelelelelele
tailaodai9x
Thaolaliem
huongcute90
Huudong18
Themchich203
hjhgfhjj
H2Thang
Hienhanhhn
Hieu16
leaforganicja420
DuyyxFaKz10
davidbondna
duydiamon
Dandy_duong
DanielChoy
Traidam247
Trong3k
thanhsquaat
Dennis_D11
tiendungbmt
HUNGDN
duongquoctuan94
djhiphopno1
NDT_NDT87
Noname09909
Lamhung123
Hiamleuleu
longtng
hiuhiu1995
TietHai
HieuNT53
tranbum
hoangalhp92
Hai6904
Tientie
trinhthien1997
thienanga0751
trungducbn
Ngonhathatien
ngl32
nupachi
Noname_8700
Nguyen288
thienbao9999
ldemon1005
TLAquarius
lmao_8
tingaoda
Lit95
Luotquathoi
Lphien
huyleenguyen
Ngocccute
huyenngoan
Hungnguyen134
nambao771
NgocHa1406
hoanggia9x
HenryTuan
Tuoi17
Timgirldam
Tandoan
haclong1
nvh9986
laughingmoji
Hulililili
hoangnho2002
taurus020598
trungho98
nguyentuhanh
tungtom6886
tungcon88
Thanhhtung351
Trunglk23456
NGUYEENV11
thienax
Tan4g
Niklaus_Tran
TraiBghkvx3
Nghenon44
Noname0000009766
Noneofmemos
Tajdd9
LangCuoiVaBuocDi03
linhhnvc
Lucifer2304
Hoanghailinh1221
LuciusDB
LucasLucasNguyen
Linhku3301
Hadeptrai
haiduc1997
Huy27
Hieungg
Hoinach
Hatung20031999
hoanf1811
tientrau
thaotrangxinh
Thichvetmang
Trjeu
Nphtu
trongnhansg
loidinhhp
hhdsvv
Ngaoly
LongNhan123
leyvy23
lunazy
Huynhly12345
linhlung94
Lion0890
luckyboy7879
Hdnmfnbg
Tranhoang1106
hihisad
thachhung251996
hatuuuu
TranTeo
thanhleva
trunhg
niceetyu
Tung113
Nguyenthanh2103
NguyenDinhLai
laklanhlung
hoangloc1991
Treulam98
Longhaihh
Liamspk93
nguyenchanhiep95
hmtutting
Tranhuyhoang22
hoanggia12
hujick
TinStu99
Tp2207
thang2001
NguyenThaiTrung
Noname123654987
nameless20
ThanhNguye
luckynguyen
lordofdawn
Levi041
Lotuss218
Hoanglan1103
Linh_18
lequocquan11
Luan1999
trihaad
hieudang0403
hehe31
Tinhmot
HoangTran21401
nghhung
Huynhnhutran
HB19896
ThietLove
Thangnad
Nganmap
NgChiThien2021
longcochuong
niniki28
tinhyeu203
Tienva
Hoanglongpham
lanleIT
luckylucke288
Hungbitcoin00
Th3kjd89
ndinebdkdj
hoanghuyj1999
tatatuan
Nguyenmanh1234
thai1206
tutienle
trantuan2002
titi69
Longkk
Leehailaam
lethinhctvn
Lionking1827
Louis21297
huy_hoa_ng
hoangthwnh
toan1209
hieuhust2691
Tranhuy123
nguyenhuus
TrieuMinhTu
Nguyenk21
Nonameforme18
locharry
Lcoolbati
LonelyCat70
titeochipchip
long9xx
lonh1
lenguyenn1
Loli0u0
lucyWu123
tuvjff
Lostinvn
long613
Hiepz
Hoang_nguy
hoanggphan
halohahahaaaa
hienre
hihihihihihih1245
Tung1900
Huniecute
hungnguyen123456
tjnhbuonmuonkiep
Hung1711
thanhdinhbao
ThanhDat89
Neogymer
Nhien28
Trinhanhtuan
nkokm561524
Nhannt89
Nam19891
linhnguyen94
longduclee
tth17296
HHP11Q
huyn0808
haloowrbgf
Hong1599
Hau13337
Huyghbjhhj
thunghung
Hoanglenl
hiuhuhu
hieutbmm
ntuan1235
NoobzZx
Tringuyen96
Thanh1901
Tycuchi
hixxkk
nhithieugia98
Hvbnnu
hoanghaiHn
Nixx92
techankk
NTN7889
Ttk333
trietRT
Tuannguyen0121
namphogach
Huynhducthienan
HaiNam_7890
namhai369
Htp1999er
